Full Name,Email,Age,Zip,Phone,Gender,City,State,Password,Street,Major,Courses 1,Course 1 Name,Course 1 Details,Course 1 Type,Course 1 Section,Course 1 Section Limit,Course 1 HW_No,Course 1 HW_Details,Course 1 HW_Grade,Course 1 EXAM_No,Course 1 Exam_Details,Course 1 EXAM_Grade,Courses 2,Course 2 Name,Course 2 Details,Course 2 Type,Course 2 Section,Course 2 Section Limit,Course 2 HW_No,Course 2 HW_Details,Course 2 HW_Grade,Course 2 EXAM_No,Course 2 Exam_Details,Course 2 EXAM_Grade,Courses 3,Course 3 Name,Course 3 Details,Course 3 Type,Course 3 Section,Course 3 Section Limit,Course 3 HW_No,Course 3 HW_Details,Course 3 HW_Grade,Course 3 EXAM_No,Course 3 Exam_Details,Course 3 EXAM_Grade
Alisa Lynch,aly8942@lionstate.edu,19,62901,1507045398,F,Carbondale,Illinois,ixg1libp,78 South Brewery Ave.,CHEM,EE320,Network Security and Cryptography,Regular 3 credit course offered only on campus,Reg,1.0,40,1.0,Submit this homework on CanvasPath. Grade is out of 100,93.0,1.0,Closed book exam for 100 marks,86.0,EE212,Introduction to Signal Conditioning,Regular 3 credit course offered only on campus,Reg,1.0,40,1.0,Submit this homework on CanvasPath. Grade is out of 100,85.0,1.0,Closed book exam for 100 marks,81.0,CMPEN454,Fundamentals of Computer Vision,Regular 3 credit course offered only on campus,Cap,2.0,30,1.0,Submit this homework on CanvasPath. Grade is out of 100,90.0,,,
Alisha Murray,amu1270@lionstate.edu,21,46376,3852017301,F,Schneider,Indiana,4eystjwe,639 Princeton Rd.,CMPSC,PHYS212,Solid State Physics,Regular 3 credit course offered only on campus,Reg,2.0,30,1.0,Submit this homework on CanvasPath. Grade is out of 100,95.0,1.0,Closed book exam for 100 marks,82.0,IST110,"Introduction to Information, People And Technology",Regular 3 credit course offered only on campus,Reg,1.0,40,1.0,Submit this homework on CanvasPath. Grade is out of 100,64.0,1.0,Closed book exam for 100 marks,83.0,CMPEN331,Computer Organization And Design,Regular 3 credit course offered only on campus,Reg,1.0,40,1.0,Submit this homework on CanvasPath. Grade is out of 100,60.0,1.0,Closed book exam for 100 marks,84.0
Alice Kiehn,aki5907@lionstate.edu,20,30529,4651079903,M,Commerce,Georgia,p0ulbn26,8985 Cambridge Ave.,PHYS,CMPEN411,VLSI Digital Circuits,Regular 3 credit course offered only on campus,Reg,2.0,30,1.0,Submit this homework on CanvasPath. Grade is out of 100,79.0,1.0,Closed book exam for 100 marks,76.0,MATH231,Vector Calculus,Regular 3 credit course offered only on campus,Reg,1.0,40,1.0,Submit this homework on CanvasPath. Grade is out of 100,80.0,1.0,Closed book exam for 100 marks,93.0,CHEM111,Experimental Chemistry,Regular 3 credit course offered only on campus,Reg,1.0,40,1.0,Submit this homework on CanvasPath. Grade is out of 100,74.0,1.0,Closed book exam for 100 marks,87.0
Anastasia Shields,ash5820@lionstate.edu,18,72571,1245720203,F,Rosie,Arkansas,06e84eor,55 Hall St.,CSE,CMPSC360,Discrete Mathematics for CMPSC,Regular 3 credit course offered only on campus,Reg,1.0,40,1.0,Submit this homework on CanvasPath. Grade is out of 100,60.0,1.0,Closed book exam for 100 marks,94.0,CMPEN431,Introduction to Computer Architecture,Regular 3 credit course offered only on campus,Reg,2.0,30,1.0,Submit this homework on CanvasPath. Grade is out of 100,69.0,1.0,Closed book exam for 100 marks,83.0,EE330,Energy Systems,Regular 3 credit course offered only on campus,Reg,1.0,40,1.0,Submit this homework on CanvasPath. Grade is out of 100,67.0,1.0,Closed book exam for 100 marks,95.0
Alyce Leuschke Jr.,ale8219@lionstate.edu,21,80104,5672573168,M,Castle Rock,Colorado,ev4n7hoh,232 W. Homewood Ave.,PHYS,CMPSC497,Introduction to Data Mining,Regular 3 credit course offered only on campus,Cap,2.0,30,1.0,Submit this homework on CanvasPath. Grade is out of 100,97.0,,,,CMPSC461,Programming Language Concepts,Regular 3 credit course offered only on campus,Reg,1.0,40,1.0,Submit this homework on CanvasPath. Grade is out of 100,96.0,1.0,Closed book exam for 100 marks,84.0,CMPSC475,Applications Programming,Regular 3 credit course offered only on campus,Reg,2.0,30,1.0,Submit this homework on CanvasPath. Grade is out of 100,97.0,1.0,Closed book exam for 100 marks,97.0
Althea Leuschke,ale8939@lionstate.edu,21,91042,5188242875,F,Tujunga,California,oqt6byzj,608 North Addison St.,PHYS,CMPSC360,Discrete Mathematics for CMPSC,Regular 3 credit course offered only on campus,Reg,1.0,40,1.0,Submit this homework on CanvasPath. Grade is out of 100,88.0,1.0,Closed book exam for 100 marks,91.0,PHYS213,General Physics: Electricity and Magnetism,Regular 3 credit course offered only on campus,Reg,1.0,40,1.0,Submit this homework on CanvasPath. Grade is out of 100,75.0,1.0,Closed book exam for 100 marks,99.0,ECON101,Principles of Economics,Regular 3 credit course offered only on campus,Reg,1.0,40,1.0,Submit this homework on CanvasPath. Grade is out of 100,94.0,1.0,Closed book exam for 100 marks,81.0
Alysa Hintz,ahi5324@lionstate.edu,20,52041,2747801612,F,Earlville,Iowa,d797xc1r,7764 Union Avenue,EE,CMPEN351,Microprocessors,Regular 3 credit course offered only on campus,Reg,2.0,30,1.0,Submit this homework on CanvasPath. Grade is out of 100,75.0,1.0,Closed book exam for 100 marks,62.0,STAT414,Introduction to Probability Theory,Regular 3 credit course offered only on campus,Cap,1.0,40,1.0,Submit this homework on CanvasPath. Grade is out of 100,80.0,,,,MATH230,Ordinary and Partial Differential Equations,Regular 3 credit course offered only on campus,Reg,2.0,30,1.0,Submit this homework on CanvasPath. Grade is out of 100,84.0,1.0,Closed book exam for 100 marks,79.0
Alisha Beier,abe4600@lionstate.edu,21,33162,9958003600,M,Miami,Florida,gr1wwq45,91 S. Gartner Street,CSE,PHYS211,Thermal Physics,Regular 3 credit course offered only on campus,Reg,1.0,40,1.0,Submit this homework on CanvasPath. Grade is out of 100,78.0,1.0,Closed book exam for 100 marks,63.0,CMPEN270,Embedded Systems Design,Regular 3 credit course offered only on campus,Reg,1.0,40,1.0,Submit this homework on CanvasPath. Grade is out of 100,96.0,1.0,Closed book exam for 100 marks,79.0,STAT319,Applied Statistics in Science,Regular 3 credit course offered only on campus,Reg,2.0,30,1.0,Submit this homework on CanvasPath. Grade is out of 100,95.0,1.0,Closed book exam for 100 marks,61.0
Anastacio Krajcik,akr4205@lionstate.edu,18,86426,8949156456,F,Fort Mohave,Arizona,uy8t28xc,7195 North Canterbury Circle,DS,CMPSC465,Data structures and algorithms,Regular 3 credit course offered only on campus,Reg,2.0,30,1.0,Submit this homework on CanvasPath. Grade is out of 100,71.0,1.0,Closed book exam for 100 marks,65.0,STAT414,Introduction to Probability Theory,Regular 3 credit course offered only on campus,Cap,1.0,40,1.0,Submit this homework on CanvasPath. Grade is out of 100,96.0,,,,STAT415,Introduction to Mathematical Statistics,Regular 3 credit course offered only on campus,Reg,1.0,40,1.0,Submit this homework on CanvasPath. Grade is out of 100,80.0,1.0,Closed book exam for 100 marks,63.0
Alfonso Torp,ato9019@lionstate.edu,18,80820,6526624001,F,Guffey,Colorado,dfo34diu,963 Court Road,PHYS,PHYS214,General Physics: Wave Motion and Quantum Physics,Regular 3 credit course offered only on campus,Reg,2.0,30,1.0,Submit this homework on CanvasPath. Grade is out of 100,96.0,1.0,Closed book exam for 100 marks,90.0,IST558,Data Mining 2,Regular 3 credit course offered only on campus,Cap,1.0,40,1.0,Submit this homework on CanvasPath. Grade is out of 100,86.0,,,,CSE583,Pattern Recognition,Regular 3 credit course offered only on campus,Reg,2.0,30,1.0,Submit this homework on CanvasPath. Grade is out of 100,70.0,1.0,Closed book exam for 100 marks,91.0
Alexis Schulist,asc2712@lionstate.edu,22,62943,8721850538,M,Grantsburg,Illinois,l55ah9nv,9599 La Sierra St.,CMPEN,CSE583,Pattern Recognition,Regular 3 credit course offered only on campus,Reg,2.0,30,1.0,Submit this homework on CanvasPath. Grade is out of 100,67.0,1.0,Closed book exam for 100 marks,79.0,CMPSC360,Discrete Mathematics for CMPSC,Regular 3 credit course offered only on campus,Reg,1.0,40,1.0,Submit this homework on CanvasPath. Grade is out of 100,73.0,1.0,Closed book exam for 100 marks,81.0,IST110,"Introduction to Information, People And Technology",Regular 3 credit course offered only on campus,Reg,2.0,30,1.0,Submit this homework on CanvasPath. Grade is out of 100,76.0,1.0,Closed book exam for 100 marks,88.0
Alicia Harber,aha9325@lionstate.edu,22,62684,8227926780,F,Sherman,Illinois,a1uqkqum,83 Corona Street,MATH,STAT414,Introduction to Probability Theory,Regular 3 credit course offered only on campus,Cap,2.0,30,1.0,Submit this homework on CanvasPath. Grade is out of 100,80.0,,,,EE353,Applied Electromagnetics,Regular 3 credit course offered only on campus,Reg,2.0,30,1.0,Submit this homework on CanvasPath. Grade is out of 100,62.0,1.0,Closed book exam for 100 marks,73.0,CMPSC448,Machine Learning and Algorithmic AI,Regular 3 credit course offered only on campus,Reg,1.0,40,1.0,Submit this homework on CanvasPath. Grade is out of 100,67.0,1.0,Closed book exam for 100 marks,70.0
Amiya Bogisich II,abo7856@lionstate.edu,18,47360,7939218274,M,Mooreland,Indiana,h18e8b5s,361 E. Sierra Street,MATH,CMPEN441,Operating Systems,Regular 3 credit course offered only on campus,Reg,2.0,30,1.0,Submit this homework on CanvasPath. Grade is out of 100,72.0,1.0,Closed book exam for 100 marks,92.0,CMPEN351,Microprocessors,Regular 3 credit course offered only on campus,Reg,2.0,30,1.0,Submit this homework on CanvasPath. Grade is out of 100,63.0,1.0,Closed book exam for 100 marks,95.0,PHYS214,General Physics: Wave Motion and Quantum Physics,Regular 3 credit course offered only on campus,Reg,1.0,40,1.0,Submit this homework on CanvasPath. Grade is out of 100,67.0,1.0,Closed book exam for 100 marks,100.0
Alfredo Trantow,atr9605@lionstate.edu,20,46121,1893023565,F,Coatesville,Indiana,wxl0jmfp,7450 West Manchester Street,CMPSC,CMPEN431,Introduction to Computer Architecture,Regular 3 credit course offered only on campus,Reg,1.0,40,1.0,Submit this homework on CanvasPath. Grade is out of 100,90.0,1.0,Closed book exam for 100 marks,76.0,CMPSC221,OOP with Web Design,Regular 3 credit course offered only on campus,Reg,2.0,30,1.0,Submit this homework on CanvasPath. Grade is out of 100,60.0,1.0,Closed book exam for 100 marks,81.0,PHYS211,Thermal Physics,Regular 3 credit course offered only on campus,Reg,1.0,40,1.0,Submit this homework on CanvasPath. Grade is out of 100,90.0,1.0,Closed book exam for 100 marks,64.0
Alysson Okuneva,aok9861@lionstate.edu,20,62824,3318636528,F,Clay City,Illinois,o81zf7vv,863 Stillwater Road,MATH,PHYS212,Solid State Physics,Regular 3 credit course offered only on campus,Reg,2.0,30,1.0,Submit this homework on CanvasPath. Grade is out of 100,79.0,1.0,Closed book exam for 100 marks,88.0,CSE583,Pattern Recognition,Regular 3 credit course offered only on campus,Reg,2.0,30,1.0,Submit this homework on CanvasPath. Grade is out of 100,80.0,1.0,Closed book exam for 100 marks,65.0,DS220,Data Modelling,Regular 3 credit course offered only on campus,Reg,2.0,30,1.0,Submit this homework on CanvasPath. Grade is out of 100,79.0,1.0,Closed book exam for 100 marks,80.0
Anabel Littel,ali8897@lionstate.edu,22,30277,9062058566,M,Sharpsburg,Georgia,4n61e74y,798 North Euclid Drive,EE,EE352,Design of Digital Circuits and Systems,Regular 3 credit course offered only on campus,Reg,1.0,40,1.0,Submit this homework on CanvasPath. Grade is out of 100,65.0,1.0,Closed book exam for 100 marks,85.0,ECON102,Introductory Microeconomic Analysis and Policy,Regular 3 credit course offered only on campus,Reg,2.0,30,1.0,Submit this homework on CanvasPath. Grade is out of 100,90.0,1.0,Closed book exam for 100 marks,68.0,CMPSC132,Programming and Computation II,Regular 3 credit course offered only on campus,Reg,1.0,40,1.0,Submit this homework on CanvasPath. Grade is out of 100,82.0,1.0,Closed book exam for 100 marks,80.0
Alycia Berge,abe6138@lionstate.edu,20,50244,3098851985,F,Slater,Iowa,frmyglmo,8687 N. Sleepy Hollow Court,EE,EE340,Design in Communications,Regular 3 credit course offered only on campus,Cap,1.0,40,1.0,Submit this homework on CanvasPath. Grade is out of 100,67.0,,,,EE212,Introduction to Signal Conditioning,Regular 3 credit course offered only on campus,Reg,2.0,30,1.0,Submit this homework on CanvasPath. Grade is out of 100,87.0,1.0,Closed book exam for 100 marks,62.0,EE211,Circuit Theory,Regular 3 credit course offered only on campus,Reg,1.0,40,1.0,Submit this homework on CanvasPath. Grade is out of 100,82.0,1.0,Closed book exam for 100 marks,94.0
Ali Ledner,ale7189@lionstate.edu,19,71602,6758666803,F,White Hall,Arkansas,ougfoqn0,608 North Addison St.,STAT,CHEM111,Experimental Chemistry,Regular 3 credit course offered only on campus,Reg,1.0,40,1.0,Submit this homework on CanvasPath. Grade is out of 100,76.0,1.0,Closed book exam for 100 marks,75.0,EE210,Continuous Time Linear Systems,Regular 3 credit course offered only on campus,Reg,2.0,30,1.0,Submit this homework on CanvasPath. Grade is out of 100,84.0,1.0,Closed book exam for 100 marks,91.0,EE352,Design of Digital Circuits and Systems,Regular 3 credit course offered only on campus,Reg,1.0,40,1.0,Submit this homework on CanvasPath. Grade is out of 100,80.0,1.0,Closed book exam for 100 marks,70.0
Angela Jast Jr.,aja3132@lionstate.edu,19,33847,4557224936,M,Homeland,Florida,nthuiyec,141 Gulf Rd.,STAT,STAT318,Elementary Probability,Regular 3 credit course offered only on campus,Reg,1.0,40,1.0,Submit this homework on CanvasPath. Grade is out of 100,66.0,1.0,Closed book exam for 100 marks,94.0,EE210,Continuous Time Linear Systems,Regular 3 credit course offered only on campus,Reg,1.0,40,1.0,Submit this homework on CanvasPath. Grade is out of 100,91.0,1.0,Closed book exam for 100 marks,81.0,EE212,Introduction to Signal Conditioning,Regular 3 credit course offered only on campus,Reg,1.0,40,1.0,Submit this homework on CanvasPath. Grade is out of 100,90.0,1.0,Closed book exam for 100 marks,65.0
Amely Rohan,aro5704@lionstate.edu,18,39834,2554741695,F,Climax,Georgia,5h880la6,18 Lakeview Street,PHYS,CSE543,Computer Security,Regular 3 credit course offered only on campus,Reg,2.0,30,1.0,Submit this homework on CanvasPath. Grade is out of 100,72.0,1.0,Closed book exam for 100 marks,82.0,CHEM111,Experimental Chemistry,Regular 3 credit course offered only on campus,Reg,1.0,40,1.0,Submit this homework on CanvasPath. Grade is out of 100,77.0,1.0,Closed book exam for 100 marks,85.0,DS120,Python for data science,Regular 3 credit course offered only on campus,Reg,1.0,40,1.0,Submit this homework on CanvasPath. Grade is out of 100,85.0,1.0,Closed book exam for 100 marks,91.0
Amaya Mosciski,amo7945@lionstate.edu,19,32927,6731949798,F,Cocoa,Florida,wd5xogip,7764 Union Avenue,CMPSC,CMPSC461,Programming Language Concepts,Regular 3 credit course offered only on campus,Reg,1.0,40,1.0,Submit this homework on CanvasPath. Grade is out of 100,79.0,1.0,Closed book exam for 100 marks,76.0,MATH230,Ordinary and Partial Differential Equations,Regular 3 credit course offered only on campus,Reg,1.0,40,1.0,Submit this homework on CanvasPath. Grade is out of 100,61.0,1.0,Closed book exam for 100 marks,97.0,CHEM111,Experimental Chemistry,Regular 3 credit course offered only on campus,Reg,1.0,40,1.0,Submit this homework on CanvasPath. Grade is out of 100,85.0,1.0,Closed book exam for 100 marks,72.0
Alexys Stanton,ast1122@lionstate.edu,21,61870,2485721261,M,Ridge Farm,Illinois,93fj0cwc,9659 Rosewood Drive,EE,IST558,Data Mining 2,Regular 3 credit course offered only on campus,Cap,2.0,30,1.0,Submit this homework on CanvasPath. Grade is out of 100,73.0,,,,MATH231,Vector Calculus,Regular 3 credit course offered only on campus,Reg,1.0,40,1.0,Submit this homework on CanvasPath. Grade is out of 100,87.0,1.0,Closed book exam for 100 marks,86.0,EE210,Continuous Time Linear Systems,Regular 3 credit course offered only on campus,Reg,1.0,40,1.0,Submit this homework on CanvasPath. Grade is out of 100,100.0,1.0,Closed book exam for 100 marks,60.0
Alysa Bosco Sr.,abo9166@lionstate.edu,19,62884,3457483321,F,Sesser,Illinois,gjgm1fqt,7529 Old Sunset Road,EE,MATH140,Calculus with Analytic Geometry,Regular 3 credit course offered only on campus,Reg,2.0,30,1.0,Submit this homework on CanvasPath. Grade is out of 100,78.0,1.0,Closed book exam for 100 marks,64.0,CHEM110,Environmental Chemistry,Regular 3 credit course offered only on campus,Reg,1.0,40,1.0,Submit this homework on CanvasPath. Grade is out of 100,95.0,1.0,Closed book exam for 100 marks,95.0,CMPSC475,Applications Programming,Regular 3 credit course offered only on campus,Reg,2.0,30,1.0,Submit this homework on CanvasPath. Grade is out of 100,96.0,1.0,Closed book exam for 100 marks,87.0
Amie Pacocha,apa5949@lionstate.edu,18,60932,4152623526,M,East Lynn,Illinois,uh69s5qo,608 North Addison St.,ECON,CMPEN454,Fundamentals of Computer Vision,Regular 3 credit course offered only on campus,Cap,1.0,40,1.0,Submit this homework on CanvasPath. Grade is out of 100,79.0,,,,IST558,Data Mining 2,Regular 3 credit course offered only on campus,Cap,1.0,40,1.0,Submit this homework on CanvasPath. Grade is out of 100,97.0,,,,CMPEN441,Operating Systems,Regular 3 credit course offered only on campus,Reg,1.0,40,1.0,Submit this homework on CanvasPath. Grade is out of 100,65.0,1.0,Closed book exam for 100 marks,61.0
Amara Gaylord,aga6525@lionstate.edu,22,30078,3829440069,F,Snellville,Georgia,h5rqfz6v,780 East Redwood Drive,PHYS,DS220,Data Modelling,Regular 3 credit course offered only on campus,Reg,1.0,40,1.0,Submit this homework on CanvasPath. Grade is out of 100,75.0,1.0,Closed book exam for 100 marks,90.0,CMPSC448,Machine Learning and Algorithmic AI,Regular 3 credit course offered only on campus,Reg,1.0,40,1.0,Submit this homework on CanvasPath. Grade is out of 100,69.0,1.0,Closed book exam for 100 marks,73.0,MATH231,Vector Calculus,Regular 3 credit course offered only on campus,Reg,1.0,40,1.0,Submit this homework on CanvasPath. Grade is out of 100,100.0,1.0,Closed book exam for 100 marks,85.0
Americo Mitchell,ami4349@lionstate.edu,19,62320,6366913892,M,Camp Point,Illinois,viq0h6xe,9498 Newport Ave.,MATH,MATH140,Calculus with Analytic Geometry,Regular 3 credit course offered only on campus,Reg,2.0,30,1.0,Submit this homework on CanvasPath. Grade is out of 100,69.0,1.0,Closed book exam for 100 marks,80.0,CMPEN454,Fundamentals of Computer Vision,Regular 3 credit course offered only on campus,Cap,1.0,40,1.0,Submit this homework on CanvasPath. Grade is out of 100,73.0,,,,IST558,Data Mining 2,Regular 3 credit course offered only on campus,Cap,2.0,30,1.0,Submit this homework on CanvasPath. Grade is out of 100,84.0,,,
Alivia Brown DDS,abr9092@lionstate.edu,21,33035,1214453150,F,Homestead,Florida,tr7phe04,780 East Redwood Drive,CHEM,CHEM110,Environmental Chemistry,Regular 3 credit course offered only on campus,Reg,1.0,40,1.0,Submit this homework on CanvasPath. Grade is out of 100,85.0,1.0,Closed book exam for 100 marks,69.0,EE353,Applied Electromagnetics,Regular 3 credit course offered only on campus,Reg,2.0,30,1.0,Submit this homework on CanvasPath. Grade is out of 100,64.0,1.0,Closed book exam for 100 marks,85.0,CMPEN362,Communication Networks,Regular 3 credit course offered only on campus,Reg,1.0,40,1.0,Submit this homework on CanvasPath. Grade is out of 100,74.0,1.0,Closed book exam for 100 marks,88.0
Alexane Hermann,ahe1989@lionstate.edu,21,60613,8035503021,F,Chicago,Illinois,t4v6sg4w,88 Harrison Street,ECON,IST128,Introduction to Python,Regular 3 credit course offered only on campus,Reg,1.0,40,1.0,Submit this homework on CanvasPath. Grade is out of 100,74.0,1.0,Closed book exam for 100 marks,84.0,STAT319,Applied Statistics in Science,Regular 3 credit course offered only on campus,Reg,1.0,40,1.0,Submit this homework on CanvasPath. Grade is out of 100,88.0,1.0,Closed book exam for 100 marks,61.0,DS120,Python for data science,Regular 3 credit course offered only on campus,Reg,2.0,30,1.0,Submit this homework on CanvasPath. Grade is out of 100,66.0,1.0,Closed book exam for 100 marks,90.0
Amaya Denesik,ade2931@lionstate.edu,19,62530,5505925647,F,Divernon,Illinois,pt2zj3ku,639 Princeton Rd.,CHEM,EE311,Devices and Circuits I,Regular 3 credit course offered only on campus,Reg,1.0,40,1.0,Submit this homework on CanvasPath. Grade is out of 100,96.0,1.0,Closed book exam for 100 marks,61.0,CHEM111,Experimental Chemistry,Regular 3 credit course offered only on campus,Reg,2.0,30,1.0,Submit this homework on CanvasPath. Grade is out of 100,76.0,1.0,Closed book exam for 100 marks,93.0,CSE543,Computer Security,Regular 3 credit course offered only on campus,Reg,1.0,40,1.0,Submit this homework on CanvasPath. Grade is out of 100,79.0,1.0,Closed book exam for 100 marks,68.0
Andre Will,awi2065@lionstate.edu,22,51573,7747714736,F,Stanton,Iowa,9gbzyxsk,8687 N. Sleepy Hollow Court,CMPSC,PHYS213,General Physics: Electricity and Magnetism,Regular 3 credit course offered only on campus,Reg,2.0,30,1.0,Submit this homework on CanvasPath. Grade is out of 100,98.0,1.0,Closed book exam for 100 marks,60.0,ECON201,Intermediate Microeconomic Analysis,Regular 3 credit course offered only on campus,Reg,2.0,30,1.0,Submit this homework on CanvasPath. Grade is out of 100,83.0,1.0,Closed book exam for 100 marks,66.0,EE353,Applied Electromagnetics,Regular 3 credit course offered only on campus,Reg,2.0,30,1.0,Submit this homework on CanvasPath. Grade is out of 100,97.0,1.0,Closed book exam for 100 marks,92.0
Lenna Jewess Sr.,lje9488@lionstate.edu,19,31216,2299506854,F,Macon,Georgia,p7yiphsy,7313 Stillwater Lane,DS,MATH140,Calculus with Analytic Geometry,Regular 3 credit course offered only on campus,Reg,2.0,30,1.0,Submit this homework on CanvasPath. Grade is out of 100,95.0,1.0,Closed book exam for 100 marks,75.0,CHEM112,Chemical Principles,Regular 3 credit course offered only on campus,Reg,1.0,40,1.0,Submit this homework on CanvasPath. Grade is out of 100,93.0,1.0,Closed book exam for 100 marks,97.0,STAT318,Elementary Probability,Regular 3 credit course offered only on campus,Reg,2.0,30,1.0,Submit this homework on CanvasPath. Grade is out of 100,61.0,1.0,Closed book exam for 100 marks,77.0
Rosie Bruen,rbr2525@lionstate.edu,21,61252,7994282824,M,Fulton,Illinois,mn60ih69,453 North Elm Dr.,CSE,EE320,Network Security and Cryptography,Regular 3 credit course offered only on campus,Reg,1.0,40,1.0,Submit this homework on CanvasPath. Grade is out of 100,60.0,1.0,Closed book exam for 100 marks,76.0,DS120,Python for data science,Regular 3 credit course offered only on campus,Reg,2.0,30,1.0,Submit this homework on CanvasPath. Grade is out of 100,74.0,1.0,Closed book exam for 100 marks,86.0,ECON101,Principles of Economics,Regular 3 credit course offered only on campus,Reg,2.0,30,1.0,Submit this homework on CanvasPath. Grade is out of 100,94.0,1.0,Closed book exam for 100 marks,92.0
Marjorie Dickinson,mdi4539@lionstate.edu,19,32925,5761414752,F,Patrick Afb,Florida,cjiicgr5,963 Court Road,CMPEN,CMPEN431,Introduction to Computer Architecture,Regular 3 credit course offered only on campus,Reg,2.0,30,1.0,Submit this homework on CanvasPath. Grade is out of 100,66.0,1.0,Closed book exam for 100 marks,70.0,CMPSC360,Discrete Mathematics for CMPSC,Regular 3 credit course offered only on campus,Reg,2.0,30,1.0,Submit this homework on CanvasPath. Grade is out of 100,66.0,1.0,Closed book exam for 100 marks,96.0,EE330,Energy Systems,Regular 3 credit course offered only on campus,Reg,2.0,30,1.0,Submit this homework on CanvasPath. Grade is out of 100,67.0,1.0,Closed book exam for 100 marks,93.0
Keon Fadel,kfa9089@lionstate.edu,21,94601,1983885794,M,Oakland,California,m0bdut14,7764 Union Avenue,CMPEN,CMPEN362,Communication Networks,Regular 3 credit course offered only on campus,Reg,2.0,30,1.0,Submit this homework on CanvasPath. Grade is out of 100,91.0,1.0,Closed book exam for 100 marks,89.0,CMPEN331,Computer Organization And Design,Regular 3 credit course offered only on campus,Reg,1.0,40,1.0,Submit this homework on CanvasPath. Grade is out of 100,66.0,1.0,Closed book exam for 100 marks,90.0,PHYS211,Thermal Physics,Regular 3 credit course offered only on campus,Reg,1.0,40,1.0,Submit this homework on CanvasPath. Grade is out of 100,84.0,1.0,Closed book exam for 100 marks,70.0
Penelope Ziemann,pzi2408@lionstate.edu,22,85354,4903891156,F,Tonopah,Arizona,7j7rei4g,185 E. Trenton Street,STAT,CHEM112,Chemical Principles,Regular 3 credit course offered only on campus,Reg,1.0,40,1.0,Submit this homework on CanvasPath. Grade is out of 100,98.0,1.0,Closed book exam for 100 marks,79.0,CHEM111,Experimental Chemistry,Regular 3 credit course offered only on campus,Reg,1.0,40,1.0,Submit this homework on CanvasPath. Grade is out of 100,78.0,1.0,Closed book exam for 100 marks,79.0,EE212,Introduction to Signal Conditioning,Regular 3 credit course offered only on campus,Reg,2.0,30,1.0,Submit this homework on CanvasPath. Grade is out of 100,77.0,1.0,Closed book exam for 100 marks,79.0
Maximilian Ruecker,mru3359@lionstate.edu,21,34609,3736806826,M,Spring Hill,Florida,2mjlwhvc,308 Mammoth Dr.,CSE,STAT319,Applied Statistics in Science,Regular 3 credit course offered only on campus,Reg,1.0,40,1.0,Submit this homework on CanvasPath. Grade is out of 100,68.0,1.0,Closed book exam for 100 marks,85.0,CMPSC132,Programming and Computation II,Regular 3 credit course offered only on campus,Reg,2.0,30,1.0,Submit this homework on CanvasPath. Grade is out of 100,90.0,1.0,Closed book exam for 100 marks,78.0,CMPEN431,Introduction to Computer Architecture,Regular 3 credit course offered only on campus,Reg,1.0,40,1.0,Submit this homework on CanvasPath. Grade is out of 100,70.0,1.0,Closed book exam for 100 marks,78.0
Samanta Collier,sco1712@lionstate.edu,18,30523,7993688907,M,Clarkesville,Georgia,p8ieksdz,7297 Applegate St.,CSE,PHYS211,Thermal Physics,Regular 3 credit course offered only on campus,Reg,2.0,30,1.0,Submit this homework on CanvasPath. Grade is out of 100,96.0,1.0,Closed book exam for 100 marks,74.0,CMPSC448,Machine Learning and Algorithmic AI,Regular 3 credit course offered only on campus,Reg,1.0,40,1.0,Submit this homework on CanvasPath. Grade is out of 100,75.0,1.0,Closed book exam for 100 marks,62.0,CMPSC221,OOP with Web Design,Regular 3 credit course offered only on campus,Reg,2.0,30,1.0,Submit this homework on CanvasPath. Grade is out of 100,93.0,1.0,Closed book exam for 100 marks,88.0
Tyree Pacocha,tpa5190@lionstate.edu,22,34210,1938713024,M,Bradenton,Florida,od1asurx,7529 Old Sunset Road,CHEM,IST128,Introduction to Python,Regular 3 credit course offered only on campus,Reg,2.0,30,1.0,Submit this homework on CanvasPath. Grade is out of 100,81.0,1.0,Closed book exam for 100 marks,99.0,PHYS214,General Physics: Wave Motion and Quantum Physics,Regular 3 credit course offered only on campus,Reg,1.0,40,1.0,Submit this homework on CanvasPath. Grade is out of 100,84.0,1.0,Closed book exam for 100 marks,85.0,MATH230,Ordinary and Partial Differential Equations,Regular 3 credit course offered only on campus,Reg,2.0,30,1.0,Submit this homework on CanvasPath. Grade is out of 100,96.0,1.0,Closed book exam for 100 marks,85.0
Ima Hilll,ihi8422@lionstate.edu,22,80652,8096229224,F,Roggen,Colorado,d5mus3og,9498 Newport Ave.,CHEM,CMPEN331,Computer Organization And Design,Regular 3 credit course offered only on campus,Reg,2.0,30,1.0,Submit this homework on CanvasPath. Grade is out of 100,87.0,1.0,Closed book exam for 100 marks,100.0,CMPEN362,Communication Networks,Regular 3 credit course offered only on campus,Reg,1.0,40,1.0,Submit this homework on CanvasPath. Grade is out of 100,73.0,1.0,Closed book exam for 100 marks,73.0,PHYS213,General Physics: Electricity and Magnetism,Regular 3 credit course offered only on campus,Reg,1.0,40,1.0,Submit this homework on CanvasPath. Grade is out of 100,64.0,1.0,Closed book exam for 100 marks,83.0
Miss Ellsworth Goyette,mel3938@lionstate.edu,20,52776,5401056300,M,West Liberty,Iowa,61ip5i1a,266 Second Street,IST,EE311,Devices and Circuits I,Regular 3 credit course offered only on campus,Reg,1.0,40,1.0,Submit this homework on CanvasPath. Grade is out of 100,97.0,1.0,Closed book exam for 100 marks,75.0,STAT319,Applied Statistics in Science,Regular 3 credit course offered only on campus,Reg,1.0,40,1.0,Submit this homework on CanvasPath. Grade is out of 100,91.0,1.0,Closed book exam for 100 marks,80.0,CMPEN454,Fundamentals of Computer Vision,Regular 3 credit course offered only on campus,Cap,1.0,40,1.0,Submit this homework on CanvasPath. Grade is out of 100,98.0,,,
Pasquale Ritchie,pri2221@lionstate.edu,21,52571,6892755465,M,Moravia,Iowa,09vhc6ga,232 W. Homewood Ave.,IST,CMPSC461,Programming Language Concepts,Regular 3 credit course offered only on campus,Reg,1.0,40,1.0,Submit this homework on CanvasPath. Grade is out of 100,93.0,1.0,Closed book exam for 100 marks,69.0,STAT415,Introduction to Mathematical Statistics,Regular 3 credit course offered only on campus,Reg,2.0,30,1.0,Submit this homework on CanvasPath. Grade is out of 100,68.0,1.0,Closed book exam for 100 marks,65.0,IST110,"Introduction to Information, People And Technology",Regular 3 credit course offered only on campus,Reg,2.0,30,1.0,Submit this homework on CanvasPath. Grade is out of 100,86.0,1.0,Closed book exam for 100 marks,90.0
Nicolas Kunde,nku3451@lionstate.edu,19,96132,7725602202,F,Termo,California,1vpw660p,83 Corona Street,CMPSC,EE211,Circuit Theory,Regular 3 credit course offered only on campus,Reg,1.0,40,1.0,Submit this homework on CanvasPath. Grade is out of 100,73.0,1.0,Closed book exam for 100 marks,63.0,EE210,Continuous Time Linear Systems,Regular 3 credit course offered only on campus,Reg,1.0,40,1.0,Submit this homework on CanvasPath. Grade is out of 100,85.0,1.0,Closed book exam for 100 marks,81.0,IST558,Data Mining 2,Regular 3 credit course offered only on campus,Cap,2.0,30,1.0,Submit this homework on CanvasPath. Grade is out of 100,84.0,,,
Jaunita Zemlak,jze6681@lionstate.edu,22,20390,7301972665,M,Washington,District of Columbia,9z5xs7i4,6 Andover Dr.,CHEM,CMPSC475,Applications Programming,Regular 3 credit course offered only on campus,Reg,1.0,40,1.0,Submit this homework on CanvasPath. Grade is out of 100,75.0,1.0,Closed book exam for 100 marks,90.0,CMPSC431W,DBMS,Regular 3 credit course offered only on campus,Reg,1.0,40,1.0,Submit this homework on CanvasPath. Grade is out of 100,80.0,1.0,Closed book exam for 100 marks,63.0,ECON201,Intermediate Microeconomic Analysis,Regular 3 credit course offered only on campus,Reg,1.0,40,1.0,Submit this homework on CanvasPath. Grade is out of 100,100.0,1.0,Closed book exam for 100 marks,96.0
Jaunita Paucek,jpa6316@lionstate.edu,18,91106,6928175093,F,Pasadena,California,6f4h1qhw,7297 Applegate St.,CMPSC,ECON101,Principles of Economics,Regular 3 credit course offered only on campus,Reg,1.0,40,1.0,Submit this homework on CanvasPath. Grade is out of 100,89.0,1.0,Closed book exam for 100 marks,92.0,EE353,Applied Electromagnetics,Regular 3 credit course offered only on campus,Reg,2.0,30,1.0,Submit this homework on CanvasPath. Grade is out of 100,82.0,1.0,Closed book exam for 100 marks,96.0,CHEM110,Environmental Chemistry,Regular 3 credit course offered only on campus,Reg,2.0,30,1.0,Submit this homework on CanvasPath. Grade is out of 100,85.0,1.0,Closed book exam for 100 marks,63.0
Luisa Keebler,lke7167@lionstate.edu,21,94947,4026102639,F,Novato,California,i15k2z5c,251 West Sheffield Drive,STAT,MATH140,Calculus with Analytic Geometry,Regular 3 credit course offered only on campus,Reg,2.0,30,1.0,Submit this homework on CanvasPath. Grade is out of 100,96.0,1.0,Closed book exam for 100 marks,65.0,EE353,Applied Electromagnetics,Regular 3 credit course offered only on campus,Reg,1.0,40,1.0,Submit this homework on CanvasPath. Grade is out of 100,63.0,1.0,Closed book exam for 100 marks,77.0,MATH141,Matrices,Regular 3 credit course offered only on campus,Reg,1.0,40,1.0,Submit this homework on CanvasPath. Grade is out of 100,100.0,1.0,Closed book exam for 100 marks,90.0
Karli Streich DDS,kst7090@lionstate.edu,20,30339,7219545979,M,Atlanta,Georgia,a31lbs06,9236 El Dorado St.,EE,ECON101,Principles of Economics,Regular 3 credit course offered only on campus,Reg,1.0,40,1.0,Submit this homework on CanvasPath. Grade is out of 100,95.0,1.0,Closed book exam for 100 marks,78.0,STAT415,Introduction to Mathematical Statistics,Regular 3 credit course offered only on campus,Reg,1.0,40,1.0,Submit this homework on CanvasPath. Grade is out of 100,70.0,1.0,Closed book exam for 100 marks,81.0,CMPSC448,Machine Learning and Algorithmic AI,Regular 3 credit course offered only on campus,Reg,1.0,40,1.0,Submit this homework on CanvasPath. Grade is out of 100,85.0,1.0,Closed book exam for 100 marks,84.0
Miss Stanton Hyatt,mst7516@lionstate.edu,20,32164,3254434862,F,Palm Coast,Florida,xbodkb1p,63 Lake Forest Road,PHYS,STAT415,Introduction to Mathematical Statistics,Regular 3 credit course offered only on campus,Reg,2.0,30,1.0,Submit this homework on CanvasPath. Grade is out of 100,93.0,1.0,Closed book exam for 100 marks,68.0,CMPEN411,VLSI Digital Circuits,Regular 3 credit course offered only on campus,Reg,1.0,40,1.0,Submit this homework on CanvasPath. Grade is out of 100,87.0,1.0,Closed book exam for 100 marks,81.0,CMPSC311,Introduction to Systems Programming,Regular 3 credit course offered only on campus,Reg,2.0,30,1.0,Submit this homework on CanvasPath. Grade is out of 100,61.0,1.0,Closed book exam for 100 marks,98.0
Isobel Hudson,ihu2594@lionstate.edu,20,81240,4118791845,F,Penrose,Colorado,c6m8qq2y,9408 Anderson Court,CMPSC,CMPSC431W,DBMS,Regular 3 credit course offered only on campus,Reg,1.0,40,1.0,Submit this homework on CanvasPath. Grade is out of 100,93.0,1.0,Closed book exam for 100 marks,97.0,CMPSC497,Introduction to Data Mining,Regular 3 credit course offered only on campus,Cap,2.0,30,1.0,Submit this homework on CanvasPath. Grade is out of 100,96.0,,,,CMPSC475,Applications Programming,Regular 3 credit course offered only on campus,Reg,1.0,40,1.0,Submit this homework on CanvasPath. Grade is out of 100,67.0,1.0,Closed book exam for 100 marks,76.0
Shaun Marvin,sma8389@lionstate.edu,20,72852,8248844006,F,Oark,Arkansas,cyr5laao,8985 Cambridge Ave.,STAT,STAT318,Elementary Probability,Regular 3 credit course offered only on campus,Reg,1.0,40,1.0,Submit this homework on CanvasPath. Grade is out of 100,78.0,1.0,Closed book exam for 100 marks,89.0,CMPEN411,VLSI Digital Circuits,Regular 3 credit course offered only on campus,Reg,2.0,30,1.0,Submit this homework on CanvasPath. Grade is out of 100,62.0,1.0,Closed book exam for 100 marks,87.0,CSE583,Pattern Recognition,Regular 3 credit course offered only on campus,Reg,1.0,40,1.0,Submit this homework on CanvasPath. Grade is out of 100,85.0,1.0,Closed book exam for 100 marks,82.0
Justina Schuster,jsc7283@lionstate.edu,19,95337,5764153872,M,Manteca,California,juqc63zz,285 Dogwood Drive,DS,CMPSC475,Applications Programming,Regular 3 credit course offered only on campus,Reg,2.0,30,1.0,Submit this homework on CanvasPath. Grade is out of 100,99.0,1.0,Closed book exam for 100 marks,76.0,DS120,Python for data science,Regular 3 credit course offered only on campus,Reg,1.0,40,1.0,Submit this homework on CanvasPath. Grade is out of 100,79.0,1.0,Closed book exam for 100 marks,69.0,CMPEN431,Introduction to Computer Architecture,Regular 3 credit course offered only on campus,Reg,1.0,40,1.0,Submit this homework on CanvasPath. Grade is out of 100,87.0,1.0,Closed book exam for 100 marks,72.0
Manuela Blick,mbl5527@lionstate.edu,18,50231,3971228539,F,Randall,Iowa,iqt9wnaq,963 Court Road,STAT,DS120,Python for data science,Regular 3 credit course offered only on campus,Reg,2.0,30,1.0,Submit this homework on CanvasPath. Grade is out of 100,86.0,1.0,Closed book exam for 100 marks,85.0,CMPSC475,Applications Programming,Regular 3 credit course offered only on campus,Reg,2.0,30,1.0,Submit this homework on CanvasPath. Grade is out of 100,63.0,1.0,Closed book exam for 100 marks,73.0,EE340,Design in Communications,Regular 3 credit course offered only on campus,Cap,2.0,30,1.0,Submit this homework on CanvasPath. Grade is out of 100,95.0,,,
Reina McLaughlin Jr.,rmc1213@lionstate.edu,18,86042,2222860116,F,Polacca,Arizona,zibhv380,7313 Stillwater Lane,DS,CMPEN454,Fundamentals of Computer Vision,Regular 3 credit course offered only on campus,Cap,1.0,40,1.0,Submit this homework on CanvasPath. Grade is out of 100,67.0,,,,EE311,Devices and Circuits I,Regular 3 credit course offered only on campus,Reg,1.0,40,1.0,Submit this homework on CanvasPath. Grade is out of 100,92.0,1.0,Closed book exam for 100 marks,94.0,MATH141,Matrices,Regular 3 credit course offered only on campus,Reg,1.0,40,1.0,Submit this homework on CanvasPath. Grade is out of 100,98.0,1.0,Closed book exam for 100 marks,68.0
Miss Gennaro Torphy,mge3655@lionstate.edu,18,46347,8236514298,F,Kouts,Indiana,hhoz4znw,863 Stillwater Road,EE,PHYS214,General Physics: Wave Motion and Quantum Physics,Regular 3 credit course offered only on campus,Reg,1.0,40,1.0,Submit this homework on CanvasPath. Grade is out of 100,77.0,1.0,Closed book exam for 100 marks,86.0,ECON102,Introductory Microeconomic Analysis and Policy,Regular 3 credit course offered only on campus,Reg,1.0,40,1.0,Submit this homework on CanvasPath. Grade is out of 100,63.0,1.0,Closed book exam for 100 marks,82.0,IST110,"Introduction to Information, People And Technology",Regular 3 credit course offered only on campus,Reg,2.0,30,1.0,Submit this homework on CanvasPath. Grade is out of 100,90.0,1.0,Closed book exam for 100 marks,71.0
Kaleb Carter MD,kca7584@lionstate.edu,20,80816,1302957415,M,Florissant,Colorado,o19o3kra,639 Princeton Rd.,CMPEN,EE211,Circuit Theory,Regular 3 credit course offered only on campus,Reg,1.0,40,1.0,Submit this homework on CanvasPath. Grade is out of 100,82.0,1.0,Closed book exam for 100 marks,64.0,CMPSC311,Introduction to Systems Programming,Regular 3 credit course offered only on campus,Reg,1.0,40,1.0,Submit this homework on CanvasPath. Grade is out of 100,84.0,1.0,Closed book exam for 100 marks,68.0,EE330,Energy Systems,Regular 3 credit course offered only on campus,Reg,1.0,40,1.0,Submit this homework on CanvasPath. Grade is out of 100,68.0,1.0,Closed book exam for 100 marks,93.0
Reva Hirthe,rhi3330@lionstate.edu,18,47469,1933349133,F,West Baden Springs,,cz4rv678,141 Gulf Rd.,CSE,DS120,Python for data science,Regular 3 credit course offered only on campus,Reg,2.0,30,1.0,Submit this homework on CanvasPath. Grade is out of 100,78.0,1.0,Closed book exam for 100 marks,69.0,ECON201,Intermediate Microeconomic Analysis,Regular 3 credit course offered only on campus,Reg,1.0,40,1.0,Submit this homework on CanvasPath. Grade is out of 100,88.0,1.0,Closed book exam for 100 marks,61.0,CMPSC465,Data structures and algorithms,Regular 3 credit course offered only on campus,Reg,1.0,40,1.0,Submit this homework on CanvasPath. Grade is out of 100,79.0,1.0,Closed book exam for 100 marks,89.0
Jennie Haag,jha3634@lionstate.edu,19,85251,8728869936,M,Scottsdale,Arizona,e3gvatua,185 E. Trenton Street,IST,EE352,Design of Digital Circuits and Systems,Regular 3 credit course offered only on campus,Reg,2.0,30,1.0,Submit this homework on CanvasPath. Grade is out of 100,69.0,1.0,Closed book exam for 100 marks,99.0,CMPSC131,Programming and Computation,Regular 3 credit course offered only on campus,Reg,1.0,40,1.0,Submit this homework on CanvasPath. Grade is out of 100,86.0,1.0,Closed book exam for 100 marks,88.0,EE330,Energy Systems,Regular 3 credit course offered only on campus,Reg,2.0,30,1.0,Submit this homework on CanvasPath. Grade is out of 100,86.0,1.0,Closed book exam for 100 marks,70.0
Mikayla Senger,mse3018@lionstate.edu,21,94107,9998992020,F,San Francisco,California,t97xa8jr,7313 Stillwater Lane,EE,ECON101,Principles of Economics,Regular 3 credit course offered only on campus,Reg,1.0,40,1.0,Submit this homework on CanvasPath. Grade is out of 100,68.0,1.0,Closed book exam for 100 marks,91.0,EE210,Continuous Time Linear Systems,Regular 3 credit course offered only on campus,Reg,2.0,30,1.0,Submit this homework on CanvasPath. Grade is out of 100,97.0,1.0,Closed book exam for 100 marks,69.0,EE353,Applied Electromagnetics,Regular 3 credit course offered only on campus,Reg,2.0,30,1.0,Submit this homework on CanvasPath. Grade is out of 100,67.0,1.0,Closed book exam for 100 marks,80.0
Janis Leffler,jle7688@lionstate.edu,20,91203,1936566044,M,Glendale,California,hza255xn,182 Spring Street,MATH,ECON102,Introductory Microeconomic Analysis and Policy,Regular 3 credit course offered only on campus,Reg,2.0,30,1.0,Submit this homework on CanvasPath. Grade is out of 100,65.0,1.0,Closed book exam for 100 marks,87.0,EE340,Design in Communications,Regular 3 credit course offered only on campus,Cap,1.0,40,1.0,Submit this homework on CanvasPath. Grade is out of 100,82.0,,,,DS120,Python for data science,Regular 3 credit course offered only on campus,Reg,1.0,40,1.0,Submit this homework on CanvasPath. Grade is out of 100,79.0,1.0,Closed book exam for 100 marks,64.0
Maverick Rempel,mre6097@lionstate.edu,22,52737,1968355972,F,Columbus City,Iowa,u50mz2ki,7195 North Canterbury Circle,MATH,PHYS213,General Physics: Electricity and Magnetism,Regular 3 credit course offered only on campus,Reg,2.0,30,1.0,Submit this homework on CanvasPath. Grade is out of 100,87.0,1.0,Closed book exam for 100 marks,63.0,MATH141,Matrices,Regular 3 credit course offered only on campus,Reg,1.0,40,1.0,Submit this homework on CanvasPath. Grade is out of 100,88.0,1.0,Closed book exam for 100 marks,64.0,ECON201,Intermediate Microeconomic Analysis,Regular 3 credit course offered only on campus,Reg,1.0,40,1.0,Submit this homework on CanvasPath. Grade is out of 100,64.0,1.0,Closed book exam for 100 marks,96.0
Myrtice Armstrong,mar7316@lionstate.edu,20,46324,1823054503,F,Hammond,Indiana,ql6wokcz,7313 Stillwater Lane,ECON,CMPEN270,Embedded Systems Design,Regular 3 credit course offered only on campus,Reg,1.0,40,1.0,Submit this homework on CanvasPath. Grade is out of 100,100.0,1.0,Closed book exam for 100 marks,60.0,EE353,Applied Electromagnetics,Regular 3 credit course offered only on campus,Reg,2.0,30,1.0,Submit this homework on CanvasPath. Grade is out of 100,76.0,1.0,Closed book exam for 100 marks,77.0,CMPEN411,VLSI Digital Circuits,Regular 3 credit course offered only on campus,Reg,2.0,30,1.0,Submit this homework on CanvasPath. Grade is out of 100,70.0,1.0,Closed book exam for 100 marks,64.0
Roy Boehm,rbo4096@lionstate.edu,22,62358,3442466276,F,Niota,Illinois,6ch26zsv,91 S. Gartner Street,CMPEN,CMPEN351,Microprocessors,Regular 3 credit course offered only on campus,Reg,1.0,40,1.0,Submit this homework on CanvasPath. Grade is out of 100,86.0,1.0,Closed book exam for 100 marks,98.0,STAT415,Introduction to Mathematical Statistics,Regular 3 credit course offered only on campus,Reg,2.0,30,1.0,Submit this homework on CanvasPath. Grade is out of 100,78.0,1.0,Closed book exam for 100 marks,80.0,ECON102,Introductory Microeconomic Analysis and Policy,Regular 3 credit course offered only on campus,Reg,1.0,40,1.0,Submit this homework on CanvasPath. Grade is out of 100,68.0,1.0,Closed book exam for 100 marks,80.0
Jackie Considine,jco8261@lionstate.edu,19,50851,7377371515,F,Lenox,Iowa,zrziiod8,91 S. Gartner Street,CMPSC,PHYS211,Thermal Physics,Regular 3 credit course offered only on campus,Reg,1.0,40,1.0,Submit this homework on CanvasPath. Grade is out of 100,66.0,1.0,Closed book exam for 100 marks,68.0,CMPSC465,Data structures and algorithms,Regular 3 credit course offered only on campus,Reg,2.0,30,1.0,Submit this homework on CanvasPath. Grade is out of 100,63.0,1.0,Closed book exam for 100 marks,100.0,CMPEN454,Fundamentals of Computer Vision,Regular 3 credit course offered only on campus,Cap,2.0,30,1.0,Submit this homework on CanvasPath. Grade is out of 100,87.0,,,
Kristofer Gusikowski,kgu3649@lionstate.edu,21,92008,7353272986,M,Carlsbad,California,c6zw7xeq,9408 Anderson Court,DS,EE352,Design of Digital Circuits and Systems,Regular 3 credit course offered only on campus,Reg,2.0,30,1.0,Submit this homework on CanvasPath. Grade is out of 100,94.0,1.0,Closed book exam for 100 marks,68.0,IST128,Introduction to Python,Regular 3 credit course offered only on campus,Reg,1.0,40,1.0,Submit this homework on CanvasPath. Grade is out of 100,64.0,1.0,Closed book exam for 100 marks,88.0,ECON101,Principles of Economics,Regular 3 credit course offered only on campus,Reg,1.0,40,1.0,Submit this homework on CanvasPath. Grade is out of 100,95.0,1.0,Closed book exam for 100 marks,82.0
Letitia Graham,lgr2017@lionstate.edu,19,61274,6673176141,F,Osco,Illinois,td7qer7k,3 North Linden Ave.,STAT,CMPSC131,Programming and Computation,Regular 3 credit course offered only on campus,Reg,1.0,40,1.0,Submit this homework on CanvasPath. Grade is out of 100,70.0,1.0,Closed book exam for 100 marks,61.0,CMPSC465,Data structures and algorithms,Regular 3 credit course offered only on campus,Reg,2.0,30,1.0,Submit this homework on CanvasPath. Grade is out of 100,92.0,1.0,Closed book exam for 100 marks,65.0,MATH230,Ordinary and Partial Differential Equations,Regular 3 credit course offered only on campus,Reg,2.0,30,1.0,Submit this homework on CanvasPath. Grade is out of 100,68.0,1.0,Closed book exam for 100 marks,99.0
Skye Graham,sgr6837@lionstate.edu,22,95425,8296562358,F,Cloverdale,California,885lnlgn,266 Second Street,CMPEN,CMPSC497,Introduction to Data Mining,Regular 3 credit course offered only on campus,Cap,2.0,30,1.0,Submit this homework on CanvasPath. Grade is out of 100,69.0,,,,CHEM112,Chemical Principles,Regular 3 credit course offered only on campus,Reg,1.0,40,1.0,Submit this homework on CanvasPath. Grade is out of 100,90.0,1.0,Closed book exam for 100 marks,67.0,PHYS211,Thermal Physics,Regular 3 credit course offered only on campus,Reg,1.0,40,1.0,Submit this homework on CanvasPath. Grade is out of 100,72.0,1.0,Closed book exam for 100 marks,76.0
Thora Predovic Sr.,tpr4269@lionstate.edu,19,47434,1404427899,F,Harrodsburg,Indiana,3w4nls9b,285 Dogwood Drive,CMPSC,CMPEN441,Operating Systems,Regular 3 credit course offered only on campus,Reg,2.0,30,1.0,Submit this homework on CanvasPath. Grade is out of 100,66.0,1.0,Closed book exam for 100 marks,80.0,DS120,Python for data science,Regular 3 credit course offered only on campus,Reg,2.0,30,1.0,Submit this homework on CanvasPath. Grade is out of 100,68.0,1.0,Closed book exam for 100 marks,80.0,EE340,Design in Communications,Regular 3 credit course offered only on campus,Cap,2.0,30,1.0,Submit this homework on CanvasPath. Grade is out of 100,71.0,,,
Suzanne Botsford,sbo2144@lionstate.edu,19,85192,9329543320,F,Winkelman,Arizona,9yzoqecx,3 North Linden Ave.,CMPEN,IST128,Introduction to Python,Regular 3 credit course offered only on campus,Reg,1.0,40,1.0,Submit this homework on CanvasPath. Grade is out of 100,60.0,1.0,Closed book exam for 100 marks,68.0,PHYS212,Solid State Physics,Regular 3 credit course offered only on campus,Reg,2.0,30,1.0,Submit this homework on CanvasPath. Grade is out of 100,80.0,1.0,Closed book exam for 100 marks,83.0,EE210,Continuous Time Linear Systems,Regular 3 credit course offered only on campus,Reg,2.0,30,1.0,Submit this homework on CanvasPath. Grade is out of 100,61.0,1.0,Closed book exam for 100 marks,92.0
Mr. Hallie Crooks,mha5312@lionstate.edu,18,30755,9015584978,M,Tunnel Hill,Georgia,ldrwndyy,78 South Brewery Ave.,ECON,CMPSC497,Introduction to Data Mining,Regular 3 credit course offered only on campus,Cap,2.0,30,1.0,Submit this homework on CanvasPath. Grade is out of 100,80.0,,,,PHYS211,Thermal Physics,Regular 3 credit course offered only on campus,Reg,2.0,30,1.0,Submit this homework on CanvasPath. Grade is out of 100,85.0,1.0,Closed book exam for 100 marks,60.0,CMPEN331,Computer Organization And Design,Regular 3 credit course offered only on campus,Reg,2.0,30,1.0,Submit this homework on CanvasPath. Grade is out of 100,89.0,1.0,Closed book exam for 100 marks,62.0
Mrs. Marlee Ward,mma8341@lionstate.edu,21,6066,9987860142,M,Vernon Rockville,Connecticut,5zsqvzsa,7195 North Canterbury Circle,CMPSC,STAT319,Applied Statistics in Science,Regular 3 credit course offered only on campus,Reg,1.0,40,1.0,Submit this homework on CanvasPath. Grade is out of 100,66.0,1.0,Closed book exam for 100 marks,91.0,MATH141,Matrices,Regular 3 credit course offered only on campus,Reg,2.0,30,1.0,Submit this homework on CanvasPath. Grade is out of 100,66.0,1.0,Closed book exam for 100 marks,78.0,PHYS213,General Physics: Electricity and Magnetism,Regular 3 credit course offered only on campus,Reg,2.0,30,1.0,Submit this homework on CanvasPath. Grade is out of 100,90.0,1.0,Closed book exam for 100 marks,91.0
Theresa Glover,tgl2369@lionstate.edu,21,80615,9212714963,M,Eaton,Colorado,mujxipgm,708 York Dr.,STAT,CMPEN441,Operating Systems,Regular 3 credit course offered only on campus,Reg,1.0,40,1.0,Submit this homework on CanvasPath. Grade is out of 100,82.0,1.0,Closed book exam for 100 marks,98.0,CHEM110,Environmental Chemistry,Regular 3 credit course offered only on campus,Reg,2.0,30,1.0,Submit this homework on CanvasPath. Grade is out of 100,71.0,1.0,Closed book exam for 100 marks,79.0,CMPSC497,Introduction to Data Mining,Regular 3 credit course offered only on campus,Cap,2.0,30,1.0,Submit this homework on CanvasPath. Grade is out of 100,77.0,,,
Meredith Kuhlman DVM,mku3151@lionstate.edu,22,62888,9837771786,M,Tamaroa,Illinois,5tplvmde,336 Myrtle Street,MATH,CSE543,Computer Security,Regular 3 credit course offered only on campus,Reg,1.0,40,1.0,Submit this homework on CanvasPath. Grade is out of 100,88.0,1.0,Closed book exam for 100 marks,70.0,EE340,Design in Communications,Regular 3 credit course offered only on campus,Cap,2.0,30,1.0,Submit this homework on CanvasPath. Grade is out of 100,65.0,,,,EE353,Applied Electromagnetics,Regular 3 credit course offered only on campus,Reg,2.0,30,1.0,Submit this homework on CanvasPath. Grade is out of 100,60.0,1.0,Closed book exam for 100 marks,82.0
Santino Altenwerth,sal4395@lionstate.edu,21,83616,1721865840,F,Eagle,Idaho,h4hxgcq7,8378 West Pulaski Ave.,MATH,CSE543,Computer Security,Regular 3 credit course offered only on campus,Reg,1.0,40,1.0,Submit this homework on CanvasPath. Grade is out of 100,72.0,1.0,Closed book exam for 100 marks,97.0,EE352,Design of Digital Circuits and Systems,Regular 3 credit course offered only on campus,Reg,2.0,30,1.0,Submit this homework on CanvasPath. Grade is out of 100,61.0,1.0,Closed book exam for 100 marks,91.0,CMPSC461,Programming Language Concepts,Regular 3 credit course offered only on campus,Reg,1.0,40,1.0,Submit this homework on CanvasPath. Grade is out of 100,89.0,1.0,Closed book exam for 100 marks,98.0
Kiley Nienow PhD,kni2503@lionstate.edu,20,92624,7972195124,F,Capistrano Beach,California,56evzicb,285 Dogwood Drive,MATH,ECON201,Intermediate Microeconomic Analysis,Regular 3 credit course offered only on campus,Reg,2.0,30,1.0,Submit this homework on CanvasPath. Grade is out of 100,76.0,1.0,Closed book exam for 100 marks,92.0,CMPEN441,Operating Systems,Regular 3 credit course offered only on campus,Reg,1.0,40,1.0,Submit this homework on CanvasPath. Grade is out of 100,73.0,1.0,Closed book exam for 100 marks,88.0,EE353,Applied Electromagnetics,Regular 3 credit course offered only on campus,Reg,1.0,40,1.0,Submit this homework on CanvasPath. Grade is out of 100,76.0,1.0,Closed book exam for 100 marks,61.0
Joe Kirlin DDS,jki2803@lionstate.edu,21,50654,5541738975,M,Masonville,Iowa,8axiqzsa,87 Vermont St.,CSE,CMPEN362,Communication Networks,Regular 3 credit course offered only on campus,Reg,2.0,30,1.0,Submit this homework on CanvasPath. Grade is out of 100,88.0,1.0,Closed book exam for 100 marks,61.0,PHYS213,General Physics: Electricity and Magnetism,Regular 3 credit course offered only on campus,Reg,1.0,40,1.0,Submit this homework on CanvasPath. Grade is out of 100,64.0,1.0,Closed book exam for 100 marks,92.0,ECON102,Introductory Microeconomic Analysis and Policy,Regular 3 credit course offered only on campus,Reg,1.0,40,1.0,Submit this homework on CanvasPath. Grade is out of 100,60.0,1.0,Closed book exam for 100 marks,93.0
Malvina DuBuque,mdu3807@lionstate.edu,18,81332,5749240295,F,Rico,Colorado,7zez3zsk,88 Harrison Street,ECON,CMPSC448,Machine Learning and Algorithmic AI,Regular 3 credit course offered only on campus,Reg,1.0,40,1.0,Submit this homework on CanvasPath. Grade is out of 100,68.0,1.0,Closed book exam for 100 marks,95.0,CMPEN270,Embedded Systems Design,Regular 3 credit course offered only on campus,Reg,2.0,30,1.0,Submit this homework on CanvasPath. Grade is out of 100,78.0,1.0,Closed book exam for 100 marks,81.0,STAT415,Introduction to Mathematical Statistics,Regular 3 credit course offered only on campus,Reg,2.0,30,1.0,Submit this homework on CanvasPath. Grade is out of 100,62.0,1.0,Closed book exam for 100 marks,75.0
Lucius Lakin,lla3945@lionstate.edu,20,32359,3403273193,F,Steinhatchee,Florida,yt1zlei9,7130 Longfellow Dr.,PHYS,CMPSC132,Programming and Computation II,Regular 3 credit course offered only on campus,Reg,1.0,40,1.0,Submit this homework on CanvasPath. Grade is out of 100,62.0,1.0,Closed book exam for 100 marks,98.0,IST110,"Introduction to Information, People And Technology",Regular 3 credit course offered only on campus,Reg,2.0,30,1.0,Submit this homework on CanvasPath. Grade is out of 100,79.0,1.0,Closed book exam for 100 marks,81.0,ECON101,Principles of Economics,Regular 3 credit course offered only on campus,Reg,1.0,40,1.0,Submit this homework on CanvasPath. Grade is out of 100,97.0,1.0,Closed book exam for 100 marks,94.0
Mariane Reilly,mre5662@lionstate.edu,22,52569,1094533896,M,Melrose,Iowa,1c8zbevj,453 North Elm Dr.,IST,ECON201,Intermediate Microeconomic Analysis,Regular 3 credit course offered only on campus,Reg,2.0,30,1.0,Submit this homework on CanvasPath. Grade is out of 100,67.0,1.0,Closed book exam for 100 marks,87.0,CHEM112,Chemical Principles,Regular 3 credit course offered only on campus,Reg,2.0,30,1.0,Submit this homework on CanvasPath. Grade is out of 100,72.0,1.0,Closed book exam for 100 marks,98.0,DS220,Data Modelling,Regular 3 credit course offered only on campus,Reg,1.0,40,1.0,Submit this homework on CanvasPath. Grade is out of 100,97.0,1.0,Closed book exam for 100 marks,68.0
Tara Baumbach,tba6345@lionstate.edu,19,46310,8574550346,M,Demotte,Indiana,0m29rudy,963 Court Road,CSE,EE311,Devices and Circuits I,Regular 3 credit course offered only on campus,Reg,2.0,30,1.0,Submit this homework on CanvasPath. Grade is out of 100,89.0,1.0,Closed book exam for 100 marks,65.0,CMPSC132,Programming and Computation II,Regular 3 credit course offered only on campus,Reg,2.0,30,1.0,Submit this homework on CanvasPath. Grade is out of 100,72.0,1.0,Closed book exam for 100 marks,70.0,IST558,Data Mining 2,Regular 3 credit course offered only on campus,Cap,1.0,40,1.0,Submit this homework on CanvasPath. Grade is out of 100,77.0,,,
Wilfred Moen,wmo7407@lionstate.edu,20,72383,7726314772,M,Turner,Arkansas,vohtstyp,7529 Old Sunset Road,PHYS,MATH231,Vector Calculus,Regular 3 credit course offered only on campus,Reg,2.0,30,1.0,Submit this homework on CanvasPath. Grade is out of 100,95.0,1.0,Closed book exam for 100 marks,95.0,CMPSC448,Machine Learning and Algorithmic AI,Regular 3 credit course offered only on campus,Reg,2.0,30,1.0,Submit this homework on CanvasPath. Grade is out of 100,77.0,1.0,Closed book exam for 100 marks,90.0,CMPSC131,Programming and Computation,Regular 3 credit course offered only on campus,Reg,2.0,30,1.0,Submit this homework on CanvasPath. Grade is out of 100,71.0,1.0,Closed book exam for 100 marks,97.0
Jodie Brekke Sr.,jbr7032@lionstate.edu,21,96103,5974899721,M,Blairsden-graeagle,,rhw24sr5,8985 Cambridge Ave.,CHEM,CMPEN454,Fundamentals of Computer Vision,Regular 3 credit course offered only on campus,Cap,2.0,30,1.0,Submit this homework on CanvasPath. Grade is out of 100,91.0,,,,CHEM111,Experimental Chemistry,Regular 3 credit course offered only on campus,Reg,1.0,40,1.0,Submit this homework on CanvasPath. Grade is out of 100,68.0,1.0,Closed book exam for 100 marks,92.0,MATH231,Vector Calculus,Regular 3 credit course offered only on campus,Reg,1.0,40,1.0,Submit this homework on CanvasPath. Grade is out of 100,100.0,1.0,Closed book exam for 100 marks,94.0
Kristopher O'Connell,ko'2102@lionstate.edu,21,30341,9367731514,F,Atlanta,Georgia,88zlsj5j,7764 Union Avenue,CMPSC,CHEM110,Environmental Chemistry,Regular 3 credit course offered only on campus,Reg,1.0,40,1.0,Submit this homework on CanvasPath. Grade is out of 100,63.0,1.0,Closed book exam for 100 marks,88.0,CMPSC360,Discrete Mathematics for CMPSC,Regular 3 credit course offered only on campus,Reg,2.0,30,1.0,Submit this homework on CanvasPath. Grade is out of 100,86.0,1.0,Closed book exam for 100 marks,80.0,CMPEN431,Introduction to Computer Architecture,Regular 3 credit course offered only on campus,Reg,2.0,30,1.0,Submit this homework on CanvasPath. Grade is out of 100,78.0,1.0,Closed book exam for 100 marks,78.0
Zackary Johnson,zjo1462@lionstate.edu,18,94107,1176394426,F,San Francisco,California,t2ujdmui,7297 Applegate St.,ECON,EE311,Devices and Circuits I,Regular 3 credit course offered only on campus,Reg,2.0,30,1.0,Submit this homework on CanvasPath. Grade is out of 100,61.0,1.0,Closed book exam for 100 marks,74.0,CMPSC465,Data structures and algorithms,Regular 3 credit course offered only on campus,Reg,2.0,30,1.0,Submit this homework on CanvasPath. Grade is out of 100,61.0,1.0,Closed book exam for 100 marks,87.0,CSE543,Computer Security,Regular 3 credit course offered only on campus,Reg,1.0,40,1.0,Submit this homework on CanvasPath. Grade is out of 100,96.0,1.0,Closed book exam for 100 marks,65.0
Max Bashirian,mba9287@lionstate.edu,18,32754,2427782086,F,Mims,Florida,obmm3eek,608 North Addison St.,ECON,PHYS211,Thermal Physics,Regular 3 credit course offered only on campus,Reg,1.0,40,1.0,Submit this homework on CanvasPath. Grade is out of 100,92.0,1.0,Closed book exam for 100 marks,85.0,EE340,Design in Communications,Regular 3 credit course offered only on campus,Cap,2.0,30,1.0,Submit this homework on CanvasPath. Grade is out of 100,96.0,,,,DS120,Python for data science,Regular 3 credit course offered only on campus,Reg,2.0,30,1.0,Submit this homework on CanvasPath. Grade is out of 100,93.0,1.0,Closed book exam for 100 marks,66.0
Marietta Runolfsson,mru3829@lionstate.edu,21,33778,7324827357,F,Largo,Florida,xkuhje6t,708 York Dr.,CMPSC,EE320,Network Security and Cryptography,Regular 3 credit course offered only on campus,Reg,2.0,30,1.0,Submit this homework on CanvasPath. Grade is out of 100,69.0,1.0,Closed book exam for 100 marks,94.0,MATH230,Ordinary and Partial Differential Equations,Regular 3 credit course offered only on campus,Reg,2.0,30,1.0,Submit this homework on CanvasPath. Grade is out of 100,73.0,1.0,Closed book exam for 100 marks,82.0,CMPEN431,Introduction to Computer Architecture,Regular 3 credit course offered only on campus,Reg,2.0,30,1.0,Submit this homework on CanvasPath. Grade is out of 100,85.0,1.0,Closed book exam for 100 marks,77.0
Ms. Devante Frami,mde6603@lionstate.edu,21,93004,5354909300,F,Ventura,California,kr7ql6nc,7195 North Canterbury Circle,CHEM,EE311,Devices and Circuits I,Regular 3 credit course offered only on campus,Reg,1.0,40,1.0,Submit this homework on CanvasPath. Grade is out of 100,89.0,1.0,Closed book exam for 100 marks,87.0,CMPEN411,VLSI Digital Circuits,Regular 3 credit course offered only on campus,Reg,1.0,40,1.0,Submit this homework on CanvasPath. Grade is out of 100,72.0,1.0,Closed book exam for 100 marks,63.0,IST128,Introduction to Python,Regular 3 credit course offered only on campus,Reg,2.0,30,1.0,Submit this homework on CanvasPath. Grade is out of 100,90.0,1.0,Closed book exam for 100 marks,69.0
Kali Mills,kmi8049@lionstate.edu,19,51031,2633829126,M,Le Mars,Iowa,re55bd6w,185 E. Trenton Street,MATH,DS120,Python for data science,Regular 3 credit course offered only on campus,Reg,2.0,30,1.0,Submit this homework on CanvasPath. Grade is out of 100,90.0,1.0,Closed book exam for 100 marks,75.0,CSE583,Pattern Recognition,Regular 3 credit course offered only on campus,Reg,2.0,30,1.0,Submit this homework on CanvasPath. Grade is out of 100,64.0,1.0,Closed book exam for 100 marks,88.0,CMPEN431,Introduction to Computer Architecture,Regular 3 credit course offered only on campus,Reg,2.0,30,1.0,Submit this homework on CanvasPath. Grade is out of 100,98.0,1.0,Closed book exam for 100 marks,87.0
Shaun Glover,sgl1030@lionstate.edu,22,61742,8505979086,F,Goodfield,Illinois,lfd2z2k3,182 Spring Street,IST,CMPEN270,Embedded Systems Design,Regular 3 credit course offered only on campus,Reg,1.0,40,1.0,Submit this homework on CanvasPath. Grade is out of 100,100.0,1.0,Closed book exam for 100 marks,61.0,MATH231,Vector Calculus,Regular 3 credit course offered only on campus,Reg,2.0,30,1.0,Submit this homework on CanvasPath. Grade is out of 100,79.0,1.0,Closed book exam for 100 marks,69.0,IST558,Data Mining 2,Regular 3 credit course offered only on campus,Cap,1.0,40,1.0,Submit this homework on CanvasPath. Grade is out of 100,64.0,,,
Mariana Stokes,mst1558@lionstate.edu,19,32780,5643982379,M,Titusville,Florida,t2xd9avn,266 Second Street,MATH,MATH140,Calculus with Analytic Geometry,Regular 3 credit course offered only on campus,Reg,2.0,30,1.0,Submit this homework on CanvasPath. Grade is out of 100,94.0,1.0,Closed book exam for 100 marks,68.0,CMPSC448,Machine Learning and Algorithmic AI,Regular 3 credit course offered only on campus,Reg,2.0,30,1.0,Submit this homework on CanvasPath. Grade is out of 100,71.0,1.0,Closed book exam for 100 marks,82.0,CMPEN351,Microprocessors,Regular 3 credit course offered only on campus,Reg,2.0,30,1.0,Submit this homework on CanvasPath. Grade is out of 100,81.0,1.0,Closed book exam for 100 marks,84.0
Tommie Mosciski,tmo8266@lionstate.edu,22,30473,8504605906,F,Uvalda,Georgia,7i18zf4n,9408 Anderson Court,CMPSC,STAT318,Elementary Probability,Regular 3 credit course offered only on campus,Reg,2.0,30,1.0,Submit this homework on CanvasPath. Grade is out of 100,94.0,1.0,Closed book exam for 100 marks,82.0,DS120,Python for data science,Regular 3 credit course offered only on campus,Reg,2.0,30,1.0,Submit this homework on CanvasPath. Grade is out of 100,71.0,1.0,Closed book exam for 100 marks,67.0,CMPSC221,OOP with Web Design,Regular 3 credit course offered only on campus,Reg,1.0,40,1.0,Submit this homework on CanvasPath. Grade is out of 100,85.0,1.0,Closed book exam for 100 marks,98.0
Jailyn Green,jgr3574@lionstate.edu,22,30410,1692759843,M,Ailey,Georgia,xms08kb4,7195 North Canterbury Circle,CHEM,CMPEN411,VLSI Digital Circuits,Regular 3 credit course offered only on campus,Reg,2.0,30,1.0,Submit this homework on CanvasPath. Grade is out of 100,94.0,1.0,Closed book exam for 100 marks,64.0,CMPEN351,Microprocessors,Regular 3 credit course offered only on campus,Reg,1.0,40,1.0,Submit this homework on CanvasPath. Grade is out of 100,96.0,1.0,Closed book exam for 100 marks,64.0,STAT319,Applied Statistics in Science,Regular 3 credit course offered only on campus,Reg,1.0,40,1.0,Submit this homework on CanvasPath. Grade is out of 100,91.0,1.0,Closed book exam for 100 marks,60.0
Yessenia Crona,ycr1322@lionstate.edu,21,52737,8914259323,M,Columbus City,Iowa,wagux3h8,120 Heritage Lane,CMPSC,CMPEN270,Embedded Systems Design,Regular 3 credit course offered only on campus,Reg,1.0,40,1.0,Submit this homework on CanvasPath. Grade is out of 100,91.0,1.0,Closed book exam for 100 marks,83.0,EE352,Design of Digital Circuits and Systems,Regular 3 credit course offered only on campus,Reg,2.0,30,1.0,Submit this homework on CanvasPath. Grade is out of 100,61.0,1.0,Closed book exam for 100 marks,75.0,CMPEN441,Operating Systems,Regular 3 credit course offered only on campus,Reg,2.0,30,1.0,Submit this homework on CanvasPath. Grade is out of 100,90.0,1.0,Closed book exam for 100 marks,78.0
Serena Stiedemann,sst9336@lionstate.edu,22,52555,6779907478,F,Exline,Iowa,8z5pnlui,8378 West Pulaski Ave.,EE,CSE583,Pattern Recognition,Regular 3 credit course offered only on campus,Reg,1.0,40,1.0,Submit this homework on CanvasPath. Grade is out of 100,82.0,1.0,Closed book exam for 100 marks,70.0,STAT414,Introduction to Probability Theory,Regular 3 credit course offered only on campus,Cap,1.0,40,1.0,Submit this homework on CanvasPath. Grade is out of 100,62.0,,,,ECON101,Principles of Economics,Regular 3 credit course offered only on campus,Reg,2.0,30,1.0,Submit this homework on CanvasPath. Grade is out of 100,74.0,1.0,Closed book exam for 100 marks,95.0
Ressie Boyer,rbo1548@lionstate.edu,21,31701,3834077162,M,Albany,Georgia,2xpz77r8,9659 Rosewood Drive,CMPEN,PHYS214,General Physics: Wave Motion and Quantum Physics,Regular 3 credit course offered only on campus,Reg,2.0,30,1.0,Submit this homework on CanvasPath. Grade is out of 100,86.0,1.0,Closed book exam for 100 marks,86.0,CMPEN431,Introduction to Computer Architecture,Regular 3 credit course offered only on campus,Reg,1.0,40,1.0,Submit this homework on CanvasPath. Grade is out of 100,67.0,1.0,Closed book exam for 100 marks,81.0,EE210,Continuous Time Linear Systems,Regular 3 credit course offered only on campus,Reg,1.0,40,1.0,Submit this homework on CanvasPath. Grade is out of 100,64.0,1.0,Closed book exam for 100 marks,65.0
Zackery Reynolds,zre8115@lionstate.edu,20,51005,9699383013,F,Aurelia,Iowa,cqu4oqqk,185 E. Trenton Street,CHEM,CHEM110,Environmental Chemistry,Regular 3 credit course offered only on campus,Reg,2.0,30,1.0,Submit this homework on CanvasPath. Grade is out of 100,79.0,1.0,Closed book exam for 100 marks,97.0,CMPSC448,Machine Learning and Algorithmic AI,Regular 3 credit course offered only on campus,Reg,1.0,40,1.0,Submit this homework on CanvasPath. Grade is out of 100,77.0,1.0,Closed book exam for 100 marks,62.0,MATH141,Matrices,Regular 3 credit course offered only on campus,Reg,1.0,40,1.0,Submit this homework on CanvasPath. Grade is out of 100,63.0,1.0,Closed book exam for 100 marks,72.0
Robb Christiansen,rch5723@lionstate.edu,22,60551,9712596261,M,Sheridan,Illinois,tqdgdwnl,798 North Euclid Drive,EE,EE212,Introduction to Signal Conditioning,Regular 3 credit course offered only on campus,Reg,2.0,30,1.0,Submit this homework on CanvasPath. Grade is out of 100,95.0,1.0,Closed book exam for 100 marks,81.0,CMPSC465,Data structures and algorithms,Regular 3 credit course offered only on campus,Reg,1.0,40,1.0,Submit this homework on CanvasPath. Grade is out of 100,70.0,1.0,Closed book exam for 100 marks,72.0,EE353,Applied Electromagnetics,Regular 3 credit course offered only on campus,Reg,1.0,40,1.0,Submit this homework on CanvasPath. Grade is out of 100,70.0,1.0,Closed book exam for 100 marks,89.0
Joaquin Turner,jtu5218@lionstate.edu,21,95388,1241467821,M,Winton,California,pjjaks2g,7313 Stillwater Lane,DS,CMPSC221,OOP with Web Design,Regular 3 credit course offered only on campus,Reg,2.0,30,1.0,Submit this homework on CanvasPath. Grade is out of 100,68.0,1.0,Closed book exam for 100 marks,69.0,CMPEN431,Introduction to Computer Architecture,Regular 3 credit course offered only on campus,Reg,2.0,30,1.0,Submit this homework on CanvasPath. Grade is out of 100,86.0,1.0,Closed book exam for 100 marks,81.0,CSE543,Computer Security,Regular 3 credit course offered only on campus,Reg,2.0,30,1.0,Submit this homework on CanvasPath. Grade is out of 100,95.0,1.0,Closed book exam for 100 marks,78.0
Lucy Oberbrunner,lob8984@lionstate.edu,21,80229,7565263818,M,Denver,Colorado,bn47qlis,4 Old Academy Drive,CHEM,CMPEN270,Embedded Systems Design,Regular 3 credit course offered only on campus,Reg,2.0,30,1.0,Submit this homework on CanvasPath. Grade is out of 100,79.0,1.0,Closed book exam for 100 marks,69.0,CMPEN331,Computer Organization And Design,Regular 3 credit course offered only on campus,Reg,1.0,40,1.0,Submit this homework on CanvasPath. Grade is out of 100,87.0,1.0,Closed book exam for 100 marks,96.0,CMPSC221,OOP with Web Design,Regular 3 credit course offered only on campus,Reg,1.0,40,1.0,Submit this homework on CanvasPath. Grade is out of 100,67.0,1.0,Closed book exam for 100 marks,61.0
Trudie Runte,tru4888@lionstate.edu,18,61570,7762439969,F,Washburn,Illinois,h6czyxwt,361 E. Sierra Street,EE,STAT414,Introduction to Probability Theory,Regular 3 credit course offered only on campus,Cap,1.0,40,1.0,Submit this homework on CanvasPath. Grade is out of 100,75.0,,,,EE211,Circuit Theory,Regular 3 credit course offered only on campus,Reg,1.0,40,1.0,Submit this homework on CanvasPath. Grade is out of 100,85.0,1.0,Closed book exam for 100 marks,68.0,STAT318,Elementary Probability,Regular 3 credit course offered only on campus,Reg,2.0,30,1.0,Submit this homework on CanvasPath. Grade is out of 100,79.0,1.0,Closed book exam for 100 marks,62.0
Lambert Russel,lru4870@lionstate.edu,22,80433,5751743838,F,Conifer,Colorado,a62i6pl3,453 North Elm Dr.,MATH,CMPSC475,Applications Programming,Regular 3 credit course offered only on campus,Reg,2.0,30,1.0,Submit this homework on CanvasPath. Grade is out of 100,66.0,1.0,Closed book exam for 100 marks,65.0,CHEM110,Environmental Chemistry,Regular 3 credit course offered only on campus,Reg,1.0,40,1.0,Submit this homework on CanvasPath. Grade is out of 100,85.0,1.0,Closed book exam for 100 marks,68.0,MATH230,Ordinary and Partial Differential Equations,Regular 3 credit course offered only on campus,Reg,2.0,30,1.0,Submit this homework on CanvasPath. Grade is out of 100,83.0,1.0,Closed book exam for 100 marks,72.0
Xavier Greenfelder V,xgr6403@lionstate.edu,20,90240,4493498556,M,Downey,California,sxbpeq1n,6 Andover Dr.,CHEM,PHYS212,Solid State Physics,Regular 3 credit course offered only on campus,Reg,2.0,30,1.0,Submit this homework on CanvasPath. Grade is out of 100,81.0,1.0,Closed book exam for 100 marks,85.0,CMPEN331,Computer Organization And Design,Regular 3 credit course offered only on campus,Reg,1.0,40,1.0,Submit this homework on CanvasPath. Grade is out of 100,73.0,1.0,Closed book exam for 100 marks,85.0,ECON101,Principles of Economics,Regular 3 credit course offered only on campus,Reg,1.0,40,1.0,Submit this homework on CanvasPath. Grade is out of 100,86.0,1.0,Closed book exam for 100 marks,61.0
Mr. Elta Hammes,mel4420@lionstate.edu,18,62571,7679560247,F,Tower Hill,Illinois,lscmydj9,9498 Newport Ave.,IST,CSE583,Pattern Recognition,Regular 3 credit course offered only on campus,Reg,2.0,30,1.0,Submit this homework on CanvasPath. Grade is out of 100,92.0,1.0,Closed book exam for 100 marks,95.0,STAT318,Elementary Probability,Regular 3 credit course offered only on campus,Reg,1.0,40,1.0,Submit this homework on CanvasPath. Grade is out of 100,87.0,1.0,Closed book exam for 100 marks,77.0,MATH231,Vector Calculus,Regular 3 credit course offered only on campus,Reg,2.0,30,1.0,Submit this homework on CanvasPath. Grade is out of 100,99.0,1.0,Closed book exam for 100 marks,65.0
Lucas Reinger,lre4938@lionstate.edu,19,30728,4844068684,F,La Fayette,Georgia,9itfmlss,251 West Sheffield Drive,PHYS,EE211,Circuit Theory,Regular 3 credit course offered only on campus,Reg,1.0,40,1.0,Submit this homework on CanvasPath. Grade is out of 100,82.0,1.0,Closed book exam for 100 marks,61.0,ECON101,Principles of Economics,Regular 3 credit course offered only on campus,Reg,1.0,40,1.0,Submit this homework on CanvasPath. Grade is out of 100,87.0,1.0,Closed book exam for 100 marks,74.0,EE320,Network Security and Cryptography,Regular 3 credit course offered only on campus,Reg,1.0,40,1.0,Submit this homework on CanvasPath. Grade is out of 100,77.0,1.0,Closed book exam for 100 marks,67.0
Shyanne Heller,she6009@lionstate.edu,22,50864,8038803503,F,Villisca,Iowa,468vx2eo,91 S. Gartner Street,CMPSC,CMPEN351,Microprocessors,Regular 3 credit course offered only on campus,Reg,1.0,40,1.0,Submit this homework on CanvasPath. Grade is out of 100,64.0,1.0,Closed book exam for 100 marks,89.0,MATH231,Vector Calculus,Regular 3 credit course offered only on campus,Reg,1.0,40,1.0,Submit this homework on CanvasPath. Grade is out of 100,84.0,1.0,Closed book exam for 100 marks,74.0,ECON102,Introductory Microeconomic Analysis and Policy,Regular 3 credit course offered only on campus,Reg,2.0,30,1.0,Submit this homework on CanvasPath. Grade is out of 100,98.0,1.0,Closed book exam for 100 marks,61.0
Lorena Anderson,lan4217@lionstate.edu,21,60423,4928605971,M,Frankfort,Illinois,pyu1l9vk,3 North Linden Ave.,PHYS,EE320,Network Security and Cryptography,Regular 3 credit course offered only on campus,Reg,2.0,30,1.0,Submit this homework on CanvasPath. Grade is out of 100,95.0,1.0,Closed book exam for 100 marks,96.0,DS120,Python for data science,Regular 3 credit course offered only on campus,Reg,2.0,30,1.0,Submit this homework on CanvasPath. Grade is out of 100,86.0,1.0,Closed book exam for 100 marks,80.0,CMPEN454,Fundamentals of Computer Vision,Regular 3 credit course offered only on campus,Cap,1.0,40,1.0,Submit this homework on CanvasPath. Grade is out of 100,75.0,,,
Marlene Schulist,msc4152@lionstate.edu,22,46590,8899555991,F,Winona Lake,Indiana,pw8rw005,4 Old Academy Drive,ECON,DS120,Python for data science,Regular 3 credit course offered only on campus,Reg,2.0,30,1.0,Submit this homework on CanvasPath. Grade is out of 100,64.0,1.0,Closed book exam for 100 marks,61.0,CHEM110,Environmental Chemistry,Regular 3 credit course offered only on campus,Reg,2.0,30,1.0,Submit this homework on CanvasPath. Grade is out of 100,60.0,1.0,Closed book exam for 100 marks,89.0,CMPSC475,Applications Programming,Regular 3 credit course offered only on campus,Reg,2.0,30,1.0,Submit this homework on CanvasPath. Grade is out of 100,90.0,1.0,Closed book exam for 100 marks,60.0
Tobin Balistreri,tba6085@lionstate.edu,22,33169,3043629905,F,Miami,Florida,hluyeul5,3 North Linden Ave.,STAT,CMPSC461,Programming Language Concepts,Regular 3 credit course offered only on campus,Reg,1.0,40,1.0,Submit this homework on CanvasPath. Grade is out of 100,87.0,1.0,Closed book exam for 100 marks,88.0,CMPSC475,Applications Programming,Regular 3 credit course offered only on campus,Reg,2.0,30,1.0,Submit this homework on CanvasPath. Grade is out of 100,79.0,1.0,Closed book exam for 100 marks,96.0,PHYS211,Thermal Physics,Regular 3 credit course offered only on campus,Reg,2.0,30,1.0,Submit this homework on CanvasPath. Grade is out of 100,75.0,1.0,Closed book exam for 100 marks,94.0
Maudie Murphy,mmu4907@lionstate.edu,18,62049,2096615282,F,Hillsboro,Illinois,6be7cy6j,7130 Longfellow Dr.,ECON,STAT415,Introduction to Mathematical Statistics,Regular 3 credit course offered only on campus,Reg,1.0,40,1.0,Submit this homework on CanvasPath. Grade is out of 100,70.0,1.0,Closed book exam for 100 marks,85.0,PHYS214,General Physics: Wave Motion and Quantum Physics,Regular 3 credit course offered only on campus,Reg,2.0,30,1.0,Submit this homework on CanvasPath. Grade is out of 100,76.0,1.0,Closed book exam for 100 marks,87.0,CMPSC311,Introduction to Systems Programming,Regular 3 credit course offered only on campus,Reg,2.0,30,1.0,Submit this homework on CanvasPath. Grade is out of 100,89.0,1.0,Closed book exam for 100 marks,81.0
Toy Hayes,tha7400@lionstate.edu,18,46310,6937306537,M,Demotte,Indiana,vcqhvrf4,9498 Newport Ave.,DS,EE212,Introduction to Signal Conditioning,Regular 3 credit course offered only on campus,Reg,1.0,40,1.0,Submit this homework on CanvasPath. Grade is out of 100,65.0,1.0,Closed book exam for 100 marks,73.0,MATH141,Matrices,Regular 3 credit course offered only on campus,Reg,2.0,30,1.0,Submit this homework on CanvasPath. Grade is out of 100,65.0,1.0,Closed book exam for 100 marks,79.0,CMPEN331,Computer Organization And Design,Regular 3 credit course offered only on campus,Reg,2.0,30,1.0,Submit this homework on CanvasPath. Grade is out of 100,70.0,1.0,Closed book exam for 100 marks,71.0
Khalil Kovacek,kko5971@lionstate.edu,18,52208,5102956315,F,Belle Plaine,Iowa,pzivzcis,7529 Old Sunset Road,CHEM,MATH141,Matrices,Regular 3 credit course offered only on campus,Reg,2.0,30,1.0,Submit this homework on CanvasPath. Grade is out of 100,74.0,1.0,Closed book exam for 100 marks,95.0,STAT318,Elementary Probability,Regular 3 credit course offered only on campus,Reg,1.0,40,1.0,Submit this homework on CanvasPath. Grade is out of 100,73.0,1.0,Closed book exam for 100 marks,91.0,EE211,Circuit Theory,Regular 3 credit course offered only on campus,Reg,1.0,40,1.0,Submit this homework on CanvasPath. Grade is out of 100,96.0,1.0,Closed book exam for 100 marks,92.0
Noble Dooley,ndo9422@lionstate.edu,19,94957,4716964683,M,Ross,California,x66pet3n,9659 Rosewood Drive,CSE,EE211,Circuit Theory,Regular 3 credit course offered only on campus,Reg,1.0,40,1.0,Submit this homework on CanvasPath. Grade is out of 100,67.0,1.0,Closed book exam for 100 marks,92.0,IST110,"Introduction to Information, People And Technology",Regular 3 credit course offered only on campus,Reg,1.0,40,1.0,Submit this homework on CanvasPath. Grade is out of 100,64.0,1.0,Closed book exam for 100 marks,72.0,CHEM112,Chemical Principles,Regular 3 credit course offered only on campus,Reg,1.0,40,1.0,Submit this homework on CanvasPath. Grade is out of 100,78.0,1.0,Closed book exam for 100 marks,85.0
Sammy Braun,sbr4537@lionstate.edu,21,33136,5007738388,M,Miami,Florida,21appxs5,91 S. Gartner Street,STAT,EE353,Applied Electromagnetics,Regular 3 credit course offered only on campus,Reg,2.0,30,1.0,Submit this homework on CanvasPath. Grade is out of 100,96.0,1.0,Closed book exam for 100 marks,78.0,EE330,Energy Systems,Regular 3 credit course offered only on campus,Reg,2.0,30,1.0,Submit this homework on CanvasPath. Grade is out of 100,65.0,1.0,Closed book exam for 100 marks,100.0,MATH230,Ordinary and Partial Differential Equations,Regular 3 credit course offered only on campus,Reg,1.0,40,1.0,Submit this homework on CanvasPath. Grade is out of 100,88.0,1.0,Closed book exam for 100 marks,84.0
Rubie Runolfsson,rru5828@lionstate.edu,20,30545,8163587693,M,Helen,Georgia,pg6loq0c,8687 N. Sleepy Hollow Court,MATH,CMPEN431,Introduction to Computer Architecture,Regular 3 credit course offered only on campus,Reg,2.0,30,1.0,Submit this homework on CanvasPath. Grade is out of 100,82.0,1.0,Closed book exam for 100 marks,97.0,CMPSC360,Discrete Mathematics for CMPSC,Regular 3 credit course offered only on campus,Reg,1.0,40,1.0,Submit this homework on CanvasPath. Grade is out of 100,92.0,1.0,Closed book exam for 100 marks,63.0,CMPSC311,Introduction to Systems Programming,Regular 3 credit course offered only on campus,Reg,1.0,40,1.0,Submit this homework on CanvasPath. Grade is out of 100,74.0,1.0,Closed book exam for 100 marks,97.0
Mr. Mable Prosacco,mma5417@lionstate.edu,18,61242,3368286915,M,Cordova,Illinois,ho1589h3,63 Lake Forest Road,DS,CMPSC131,Programming and Computation,Regular 3 credit course offered only on campus,Reg,1.0,40,1.0,Submit this homework on CanvasPath. Grade is out of 100,82.0,1.0,Closed book exam for 100 marks,98.0,CMPSC221,OOP with Web Design,Regular 3 credit course offered only on campus,Reg,1.0,40,1.0,Submit this homework on CanvasPath. Grade is out of 100,88.0,1.0,Closed book exam for 100 marks,90.0,CMPSC360,Discrete Mathematics for CMPSC,Regular 3 credit course offered only on campus,Reg,1.0,40,1.0,Submit this homework on CanvasPath. Grade is out of 100,63.0,1.0,Closed book exam for 100 marks,92.0
Mrs. Reba Heller,mre1388@lionstate.edu,18,81242,6723670620,F,Poncha Springs,Colorado,7wkpb4f4,18 Lakeview Street,PHYS,PHYS213,General Physics: Electricity and Magnetism,Regular 3 credit course offered only on campus,Reg,1.0,40,1.0,Submit this homework on CanvasPath. Grade is out of 100,67.0,1.0,Closed book exam for 100 marks,96.0,STAT319,Applied Statistics in Science,Regular 3 credit course offered only on campus,Reg,2.0,30,1.0,Submit this homework on CanvasPath. Grade is out of 100,97.0,1.0,Closed book exam for 100 marks,79.0,CMPEN431,Introduction to Computer Architecture,Regular 3 credit course offered only on campus,Reg,2.0,30,1.0,Submit this homework on CanvasPath. Grade is out of 100,90.0,1.0,Closed book exam for 100 marks,71.0
Louisa Gislason,lgi1280@lionstate.edu,19,96761,9046950677,M,Lahaina,Hawaii,bnq1qmcv,7764 Union Avenue,CHEM,CHEM110,Environmental Chemistry,Regular 3 credit course offered only on campus,Reg,2.0,30,1.0,Submit this homework on CanvasPath. Grade is out of 100,87.0,1.0,Closed book exam for 100 marks,98.0,MATH230,Ordinary and Partial Differential Equations,Regular 3 credit course offered only on campus,Reg,2.0,30,1.0,Submit this homework on CanvasPath. Grade is out of 100,95.0,1.0,Closed book exam for 100 marks,66.0,MATH231,Vector Calculus,Regular 3 credit course offered only on campus,Reg,2.0,30,1.0,Submit this homework on CanvasPath. Grade is out of 100,81.0,1.0,Closed book exam for 100 marks,65.0
Jalen Orn,jor1361@lionstate.edu,19,95547,5054368549,M,Hydesville,California,1ycbd4va,7313 Stillwater Lane,CSE,CMPEN331,Computer Organization And Design,Regular 3 credit course offered only on campus,Reg,2.0,30,1.0,Submit this homework on CanvasPath. Grade is out of 100,62.0,1.0,Closed book exam for 100 marks,72.0,CMPEN362,Communication Networks,Regular 3 credit course offered only on campus,Reg,1.0,40,1.0,Submit this homework on CanvasPath. Grade is out of 100,81.0,1.0,Closed book exam for 100 marks,67.0,EE320,Network Security and Cryptography,Regular 3 credit course offered only on campus,Reg,2.0,30,1.0,Submit this homework on CanvasPath. Grade is out of 100,65.0,1.0,Closed book exam for 100 marks,64.0
Miss Ardith Jerde,mar8229@lionstate.edu,19,91343,4302913419,F,North Hills,California,fba3ls3l,708 York Dr.,CMPSC,CMPSC221,OOP with Web Design,Regular 3 credit course offered only on campus,Reg,2.0,30,1.0,Submit this homework on CanvasPath. Grade is out of 100,65.0,1.0,Closed book exam for 100 marks,63.0,CMPSC465,Data structures and algorithms,Regular 3 credit course offered only on campus,Reg,2.0,30,1.0,Submit this homework on CanvasPath. Grade is out of 100,87.0,1.0,Closed book exam for 100 marks,82.0,CHEM111,Experimental Chemistry,Regular 3 credit course offered only on campus,Reg,1.0,40,1.0,Submit this homework on CanvasPath. Grade is out of 100,81.0,1.0,Closed book exam for 100 marks,80.0
Marianna Cummings,mcu4958@lionstate.edu,21,47983,8184900568,M,Stockwell,Indiana,65t6knui,120 Heritage Lane,PHYS,STAT414,Introduction to Probability Theory,Regular 3 credit course offered only on campus,Cap,2.0,30,1.0,Submit this homework on CanvasPath. Grade is out of 100,80.0,,,,CMPSC465,Data structures and algorithms,Regular 3 credit course offered only on campus,Reg,2.0,30,1.0,Submit this homework on CanvasPath. Grade is out of 100,69.0,1.0,Closed book exam for 100 marks,61.0,STAT319,Applied Statistics in Science,Regular 3 credit course offered only on campus,Reg,1.0,40,1.0,Submit this homework on CanvasPath. Grade is out of 100,88.0,1.0,Closed book exam for 100 marks,93.0
Mr. Yvette Gislason,myv4130@lionstate.edu,22,72432,8349292703,M,Harrisburg,Arkansas,p5xjrgpy,8687 N. Sleepy Hollow Court,IST,IST558,Data Mining 2,Regular 3 credit course offered only on campus,Cap,2.0,30,1.0,Submit this homework on CanvasPath. Grade is out of 100,92.0,,,,CMPSC497,Introduction to Data Mining,Regular 3 credit course offered only on campus,Cap,1.0,40,1.0,Submit this homework on CanvasPath. Grade is out of 100,62.0,,,,PHYS213,General Physics: Electricity and Magnetism,Regular 3 credit course offered only on campus,Reg,1.0,40,1.0,Submit this homework on CanvasPath. Grade is out of 100,63.0,1.0,Closed book exam for 100 marks,99.0
Mohammed Von,mvo3769@lionstate.edu,22,30467,3895685166,F,Sylvania,Georgia,hxmroy2c,3 North Linden Ave.,DS,CMPSC132,Programming and Computation II,Regular 3 credit course offered only on campus,Reg,1.0,40,1.0,Submit this homework on CanvasPath. Grade is out of 100,77.0,1.0,Closed book exam for 100 marks,97.0,ECON102,Introductory Microeconomic Analysis and Policy,Regular 3 credit course offered only on campus,Reg,1.0,40,1.0,Submit this homework on CanvasPath. Grade is out of 100,93.0,1.0,Closed book exam for 100 marks,75.0,PHYS213,General Physics: Electricity and Magnetism,Regular 3 credit course offered only on campus,Reg,2.0,30,1.0,Submit this homework on CanvasPath. Grade is out of 100,80.0,1.0,Closed book exam for 100 marks,77.0
Nadia Renner,nre9702@lionstate.edu,19,94512,6312171601,F,Birds Landing,California,o0u7wza2,6 Andover Dr.,ECON,ECON101,Principles of Economics,Regular 3 credit course offered only on campus,Reg,2.0,30,1.0,Submit this homework on CanvasPath. Grade is out of 100,97.0,1.0,Closed book exam for 100 marks,76.0,DS120,Python for data science,Regular 3 credit course offered only on campus,Reg,1.0,40,1.0,Submit this homework on CanvasPath. Grade is out of 100,95.0,1.0,Closed book exam for 100 marks,77.0,CMPSC360,Discrete Mathematics for CMPSC,Regular 3 credit course offered only on campus,Reg,2.0,30,1.0,Submit this homework on CanvasPath. Grade is out of 100,73.0,1.0,Closed book exam for 100 marks,61.0
Mrs. Albertha Kautzer,mal1707@lionstate.edu,21,81410,4661727408,F,Austin,Colorado,0we09v6f,780 East Redwood Drive,PHYS,CMPEN441,Operating Systems,Regular 3 credit course offered only on campus,Reg,2.0,30,1.0,Submit this homework on CanvasPath. Grade is out of 100,74.0,1.0,Closed book exam for 100 marks,70.0,IST110,"Introduction to Information, People And Technology",Regular 3 credit course offered only on campus,Reg,1.0,40,1.0,Submit this homework on CanvasPath. Grade is out of 100,96.0,1.0,Closed book exam for 100 marks,81.0,EE352,Design of Digital Circuits and Systems,Regular 3 credit course offered only on campus,Reg,1.0,40,1.0,Submit this homework on CanvasPath. Grade is out of 100,95.0,1.0,Closed book exam for 100 marks,60.0
Mossie Considine,mco8919@lionstate.edu,20,50238,6653031846,F,Russell,Iowa,1kwxyx73,8985 Cambridge Ave.,IST,EE211,Circuit Theory,Regular 3 credit course offered only on campus,Reg,2.0,30,1.0,Submit this homework on CanvasPath. Grade is out of 100,80.0,1.0,Closed book exam for 100 marks,69.0,CHEM110,Environmental Chemistry,Regular 3 credit course offered only on campus,Reg,2.0,30,1.0,Submit this homework on CanvasPath. Grade is out of 100,78.0,1.0,Closed book exam for 100 marks,73.0,ECON201,Intermediate Microeconomic Analysis,Regular 3 credit course offered only on campus,Reg,1.0,40,1.0,Submit this homework on CanvasPath. Grade is out of 100,88.0,1.0,Closed book exam for 100 marks,99.0
Lavina Goodwin,lgo6567@lionstate.edu,20,33062,9394699891,F,Pompano Beach,Florida,28g2dueo,232 W. Homewood Ave.,EE,CSE543,Computer Security,Regular 3 credit course offered only on campus,Reg,2.0,30,1.0,Submit this homework on CanvasPath. Grade is out of 100,90.0,1.0,Closed book exam for 100 marks,94.0,STAT319,Applied Statistics in Science,Regular 3 credit course offered only on campus,Reg,1.0,40,1.0,Submit this homework on CanvasPath. Grade is out of 100,90.0,1.0,Closed book exam for 100 marks,67.0,CMPEN441,Operating Systems,Regular 3 credit course offered only on campus,Reg,2.0,30,1.0,Submit this homework on CanvasPath. Grade is out of 100,95.0,1.0,Closed book exam for 100 marks,89.0
Stefanie Haley,sha4650@lionstate.edu,19,91915,4905138789,F,Chula Vista,California,5qe7bghc,120 Heritage Lane,DS,CMPEN351,Microprocessors,Regular 3 credit course offered only on campus,Reg,1.0,40,1.0,Submit this homework on CanvasPath. Grade is out of 100,62.0,1.0,Closed book exam for 100 marks,62.0,CHEM112,Chemical Principles,Regular 3 credit course offered only on campus,Reg,2.0,30,1.0,Submit this homework on CanvasPath. Grade is out of 100,74.0,1.0,Closed book exam for 100 marks,60.0,MATH230,Ordinary and Partial Differential Equations,Regular 3 credit course offered only on campus,Reg,2.0,30,1.0,Submit this homework on CanvasPath. Grade is out of 100,85.0,1.0,Closed book exam for 100 marks,92.0
Markus Turcotte DDS,mtu7648@lionstate.edu,18,31771,2949385257,M,Norman Park,Georgia,s0t63ppx,798 North Euclid Drive,CHEM,EE311,Devices and Circuits I,Regular 3 credit course offered only on campus,Reg,2.0,30,1.0,Submit this homework on CanvasPath. Grade is out of 100,80.0,1.0,Closed book exam for 100 marks,77.0,CMPEN454,Fundamentals of Computer Vision,Regular 3 credit course offered only on campus,Cap,2.0,30,1.0,Submit this homework on CanvasPath. Grade is out of 100,61.0,,,,CMPEN431,Introduction to Computer Architecture,Regular 3 credit course offered only on campus,Reg,2.0,30,1.0,Submit this homework on CanvasPath. Grade is out of 100,83.0,1.0,Closed book exam for 100 marks,70.0
Loyce Torphy,lto6036@lionstate.edu,21,93449,9921585593,M,Pismo Beach,California,jajxpr7a,336 Myrtle Street,IST,CSE583,Pattern Recognition,Regular 3 credit course offered only on campus,Reg,1.0,40,1.0,Submit this homework on CanvasPath. Grade is out of 100,94.0,1.0,Closed book exam for 100 marks,60.0,ECON101,Principles of Economics,Regular 3 credit course offered only on campus,Reg,2.0,30,1.0,Submit this homework on CanvasPath. Grade is out of 100,61.0,1.0,Closed book exam for 100 marks,88.0,MATH141,Matrices,Regular 3 credit course offered only on campus,Reg,1.0,40,1.0,Submit this homework on CanvasPath. Grade is out of 100,66.0,1.0,Closed book exam for 100 marks,74.0
Jeremie Watsica,jwa5124@lionstate.edu,22,93240,9282338129,M,Lake Isabella,California,5x3nzy2o,63 Lake Forest Road,IST,CMPSC465,Data structures and algorithms,Regular 3 credit course offered only on campus,Reg,1.0,40,1.0,Submit this homework on CanvasPath. Grade is out of 100,90.0,1.0,Closed book exam for 100 marks,65.0,CHEM112,Chemical Principles,Regular 3 credit course offered only on campus,Reg,1.0,40,1.0,Submit this homework on CanvasPath. Grade is out of 100,100.0,1.0,Closed book exam for 100 marks,73.0,CMPEN431,Introduction to Computer Architecture,Regular 3 credit course offered only on campus,Reg,1.0,40,1.0,Submit this homework on CanvasPath. Grade is out of 100,75.0,1.0,Closed book exam for 100 marks,68.0
Kenyon Rohan,kro8698@lionstate.edu,19,30557,7232952623,M,Martin,Georgia,w8igr7b2,863 Stillwater Road,STAT,EE211,Circuit Theory,Regular 3 credit course offered only on campus,Reg,2.0,30,1.0,Submit this homework on CanvasPath. Grade is out of 100,60.0,1.0,Closed book exam for 100 marks,74.0,STAT318,Elementary Probability,Regular 3 credit course offered only on campus,Reg,2.0,30,1.0,Submit this homework on CanvasPath. Grade is out of 100,79.0,1.0,Closed book exam for 100 marks,82.0,EE352,Design of Digital Circuits and Systems,Regular 3 credit course offered only on campus,Reg,1.0,40,1.0,Submit this homework on CanvasPath. Grade is out of 100,73.0,1.0,Closed book exam for 100 marks,86.0
Napoleon Fay,nfa5557@lionstate.edu,18,62666,8066765997,F,Middletown,Illinois,kh25zijo,453 North Elm Dr.,CSE,STAT319,Applied Statistics in Science,Regular 3 credit course offered only on campus,Reg,2.0,30,1.0,Submit this homework on CanvasPath. Grade is out of 100,87.0,1.0,Closed book exam for 100 marks,74.0,CMPSC221,OOP with Web Design,Regular 3 credit course offered only on campus,Reg,1.0,40,1.0,Submit this homework on CanvasPath. Grade is out of 100,100.0,1.0,Closed book exam for 100 marks,99.0,EE210,Continuous Time Linear Systems,Regular 3 credit course offered only on campus,Reg,1.0,40,1.0,Submit this homework on CanvasPath. Grade is out of 100,67.0,1.0,Closed book exam for 100 marks,96.0
Miss Brain Altenwerth,mbr4721@lionstate.edu,22,47340,7271370727,M,Farmland,Indiana,n2dfub1z,3 North Linden Ave.,CSE,EE353,Applied Electromagnetics,Regular 3 credit course offered only on campus,Reg,2.0,30,1.0,Submit this homework on CanvasPath. Grade is out of 100,72.0,1.0,Closed book exam for 100 marks,85.0,CSE583,Pattern Recognition,Regular 3 credit course offered only on campus,Reg,1.0,40,1.0,Submit this homework on CanvasPath. Grade is out of 100,91.0,1.0,Closed book exam for 100 marks,61.0,CMPEN431,Introduction to Computer Architecture,Regular 3 credit course offered only on campus,Reg,2.0,30,1.0,Submit this homework on CanvasPath. Grade is out of 100,80.0,1.0,Closed book exam for 100 marks,75.0
Marcel Kihn,mki9627@lionstate.edu,18,6262,5412155700,F,Quinebaug,Connecticut,vdpmots3,78 South Brewery Ave.,STAT,CMPEN411,VLSI Digital Circuits,Regular 3 credit course offered only on campus,Reg,2.0,30,1.0,Submit this homework on CanvasPath. Grade is out of 100,80.0,1.0,Closed book exam for 100 marks,99.0,IST110,"Introduction to Information, People And Technology",Regular 3 credit course offered only on campus,Reg,2.0,30,1.0,Submit this homework on CanvasPath. Grade is out of 100,85.0,1.0,Closed book exam for 100 marks,64.0,EE352,Design of Digital Circuits and Systems,Regular 3 credit course offered only on campus,Reg,1.0,40,1.0,Submit this homework on CanvasPath. Grade is out of 100,71.0,1.0,Closed book exam for 100 marks,86.0
Ms. Katlynn Mills,mka2323@lionstate.edu,22,92887,9567631546,M,Yorba Linda,California,fxkpjvr8,259 Cleveland Road,CSE,STAT319,Applied Statistics in Science,Regular 3 credit course offered only on campus,Reg,1.0,40,1.0,Submit this homework on CanvasPath. Grade is out of 100,66.0,1.0,Closed book exam for 100 marks,94.0,ECON101,Principles of Economics,Regular 3 credit course offered only on campus,Reg,1.0,40,1.0,Submit this homework on CanvasPath. Grade is out of 100,90.0,1.0,Closed book exam for 100 marks,94.0,CMPSC461,Programming Language Concepts,Regular 3 credit course offered only on campus,Reg,1.0,40,1.0,Submit this homework on CanvasPath. Grade is out of 100,86.0,1.0,Closed book exam for 100 marks,85.0
Olin Connelly,oco4309@lionstate.edu,20,93631,2538322913,F,Kingsburg,California,x4wzwl35,863 Stillwater Road,DS,EE330,Energy Systems,Regular 3 credit course offered only on campus,Reg,1.0,40,1.0,Submit this homework on CanvasPath. Grade is out of 100,95.0,1.0,Closed book exam for 100 marks,85.0,CMPEN362,Communication Networks,Regular 3 credit course offered only on campus,Reg,1.0,40,1.0,Submit this homework on CanvasPath. Grade is out of 100,72.0,1.0,Closed book exam for 100 marks,86.0,CMPSC448,Machine Learning and Algorithmic AI,Regular 3 credit course offered only on campus,Reg,1.0,40,1.0,Submit this homework on CanvasPath. Grade is out of 100,72.0,1.0,Closed book exam for 100 marks,99.0
Kevin Mante,kma2934@lionstate.edu,20,86433,9415365641,M,Oatman,Arizona,brhbtpp6,336 Myrtle Street,PHYS,CMPSC461,Programming Language Concepts,Regular 3 credit course offered only on campus,Reg,1.0,40,1.0,Submit this homework on CanvasPath. Grade is out of 100,73.0,1.0,Closed book exam for 100 marks,83.0,CSE583,Pattern Recognition,Regular 3 credit course offered only on campus,Reg,1.0,40,1.0,Submit this homework on CanvasPath. Grade is out of 100,92.0,1.0,Closed book exam for 100 marks,85.0,CHEM112,Chemical Principles,Regular 3 credit course offered only on campus,Reg,1.0,40,1.0,Submit this homework on CanvasPath. Grade is out of 100,72.0,1.0,Closed book exam for 100 marks,85.0